Code,Flag,Info,SubInfo,SubContents,Contents
SCENE,0,,,,
SET,0,BG,,,club
RADIO,0,,,,햇살이 나른한 오후
RADIO,0,,,,나는 사람이 거의 왕래하지 않는 조용한 동아리방에서 낮잠을 자고 있었다.
SET,0,Event,,,haram_blur
RADIO,0,,,,잠을 자고 있는데 어디선가 부스럭 거리는 소리가 나 살짝 눈을 떴다.
TALK,0,김남주,,,(어라....? 웬일로 동방에 사람이 와 있는 거지?)
RADIO,0,,,,흐릿한 시야 속에서 보이는 얼굴은 정말 난생 처음보는 얼굴이다.
RADIO,0,,,,흐릿함을 뚫고 보이는 저 세상 외모....
RADIO,0,,,,정말 예쁘다.
RADIO,0,,,,"꿈에 나올 것만 같은, 여신같은 사람....."
RADIO,0,,,,그런 생각을 하던 중 문득 허기를 느꼈다.
RADIO,0,,,,다음 수업들을 생각하면 슬슬 밥을 먹어야 할 때인데....
RADIO,0,,,,그렇다고 벌떡 일어나기엔 모르는 사람 앞에서 부스스한 꼴을 보이기 부끄러웠다.
RADIO,0,,,,
SELECT,0,"1-1 +1,1번 +1",,,밥을 먹으러 간다.
SELECT,0,"1-2 +1,2번 +1",,,더 잔다.
SCENE,0,1-1 +1,,,
SET,0,Event,,,
SET,0,Event,,,haram_blur
SET,0,BG,,,club
TALK,0,김남주,,,(그래도 밥은 먹어야 하니까...)
TALK,0,김남주,,,(더 자고 있는 것도 뭔가 꼴사납고.)
SET,0,Event,,,
RADIO,0,,,,나는 주섬주섬 몸을 일으켜 앉았다.
SET,0,Member,,idle,유하람
RADIO,0,,,,그러자 반대편 의자에 앉아있던 여성분이 이쪽을 바라봤다.
RADIO,0,,,,서로 눈이 마주쳤다.
TALK,0,김남주,,,안녕하세요....?
RADIO,0,,,,나는 어색하게 웃으며 인사를 했다.
SET,0,Remove,,smile,유하람
RADIO,0,,,,다행히 여성분도 나를 보고는 싱긋 웃으며 고개를 끄덕여주었다.
RADIO,0,,,,나는 동방을 나가 밀플랜비로 향했다.
TALK,0,김남주,,,(아직 동아리 거리제도 안했는데 신입이 들어왔네)
TALK,0,김남주,,,(시현 누나가 데려왔나?)
TALK,0,김남주,,,......
TALK,0,김남주,,,몰라~ 밥이나 먹자.
SCENE,0,1-2 +1,,,
SET,0,Event,,,haram_blur
SET,0,BG,,,club
TALK,0,김남주,,,(음.... 지금 눈떠봐야 서로 어색하게 인사할 것 같은데....)
TALK,0,김남주,,,(그렇게 배고프지도 않은데 잠이나 더 자자)
SET,0,Event,,,
RADIO,0,,,,나는 다시 그렇게 눈을 감았다.
RADIO,0,,,,잠결에 조용히 문을 닫는 소리를 들었다.
RADIO,0,,,,다시 눈을 떴을때 여성분은 동방에 없었다.
SCENE,0,,,,
SET,0,BG,,,garize
TALK,0,김남주 ,,,.......
TALK,0,김남주 ,,,나는 왜 지금 여기에 있을까?
RADIO,0,,,,오늘은 동아리 거리제가 있는 날이다.
RADIO,0,,,,교내의 수많은 동아리들이 메인 도로에 천막을 펼치고 동아리 홍보를 하는 날
RADIO,0,,,,9월이라지만 아직 여름은 가시지 않은 듯 너무 더웠다.
TALK,0,김남주,,,.......
RADIO,0,,,,옆 동아리에서 무슨 카드 게임을 하고 있다.
RADIO,0,,,,날은 더웠고 자리는 지켜야했고 할 일은 없었다.
RADIO,0,,,,덕분에 흐려진 눈으로 '나도 어릴 적에 저거 했었는데~' 같은 생각이나 하며 옆 부스가 카드 게임하는 것을 구경했다.
RADIO,0,,,,멍하니 구경하다 문득 어제의 일이 떠올랐다.
SET,0,Member,,idle,주시현
TALK,0,주시현,,idle,야 남주야. 너 내일 오후에 시간 비지?
TALK,0,주시현,,,딱 봐도 여기서 퍼질러 잘 것 같은데 거리제 자리나 좀 지키고 있으렴
RADIO,0,,,,주시현. 우리 동아리 회장.
RADIO,0,,,,"언제부터 친해졌는지, 왜 친해졌는지 모르겠지만 어느 순간 친해져 있었다."
RADIO,0,,,,동아리방에서 자고 있으면 어느 순간 시현 누나에게 잡혀 밥을 먹으러 가는게 일상이다.
RADIO,0,,,,"신방과라 그런지 아나운서 마냥 똑부러지고, 부지런하게 열심히 사는 사람이다."
RADIO,0,,,,"어떻게 사람이 저렇게 부지런하게 동아리 활동 준비하고, 공부하고, 연애하고, 할 거 다 하면서 사나 싶다."
RADIO,0,,,,그건 그거고.
TALK,0,김남주,,smile,아니 내가 왜?
TALK,0,김남주,,,내 공강은 꿀잠 자는 시간이란 말야.
TALK,0,주시현,,,내가 내일 진짜 가고 싶은 회사 취업 설명회가 있어서 그래
TALK,0,주시현,,,그래도 내가 자고 있는 너 데리고 가서 밥사준게 몇 번인데 밥값 한 번만 하자.
TALK,0,주시현,,,응?
TALK,0,김남주,,,...... 밥값은 어쩔 수 없지.
TALK,0,김남주,,,언제부터 가면 돼?
TALK,0,주시현,,,아이 고마워.
TALK,0,주시현,,,내일 너 3교시 끝나고 공강이니까 그때부터 수업가기 전까지 부탁할게 
TALK,0,김남주,,,(어라....?)
TALK,0,김남주,,,(3시간을 거기 앉아 있어야 한다고...?)
RADIO,0,,,,시현 누나가 멋쩍은 듯 웃으며 말했다.
SET,0,Remove,,,주시현
TALK,0,주시현,,,다음에 진짜 맛있는 거 사줄게. 부탁한다?
RADIO,0,,,,그리고 지금.
RADIO,0,,,,시간을 보니 3시가 조금 지나 있었다.
RADIO,0,,,,"1시부터 앉아 있었는데, 지나다니다 슬쩍 쳐다보는 사람들은 있었어도 다가오는 사람은 없었다,."
RADIO,0,,,,자리에 앉아서 사람 구경이나 하며 간간히 들려오는 얘기를 들으면 제법 흥미로운게 많다.
RADIO,0,,,,"그냥 수업 얘기, 사람 얘기."
RADIO,0,,,,"노숙자인줄 알았던 사람이 R관에 서식하는 대학원생이었다던가,"
RADIO,0,,,,안테나 반짝반짝? 저건 뭘까
TALK,0,김남주,,,(.......)
TALK,0,김남주,,,(심심하다.)
RADIO,0,,,,우리 동아리가 워낙 작고 그렇게 재밌는 활동을 하는 곳이 아니라 그런지 찾아오는 사람도 거의 없었다.
RADIO,0,,,,독서 동아리도 생각보다 할 만 한데.... 재밌기도 하고.
TALK,0,김남주,,,"(뭐, 사람들 많이 오면 내 보금자리만 없어지는거지)"
SET,0,Member,,,실루엣4
RADIO,0,,,,"그런 생각을 하며 다시 핸드폰을 보고 있는데, 화려하게 꾸민 무리들이 우리 부스 앞에 섰다."
RADIO,0,,,,책자를 확인하고 금방 가겠지 라는 생각에 가볍게 인사하고 다시 핸드폰을 보는데 낯이 익은 얼굴이 있었다.
TALK,0,김남주,,,(어? 저 사람 어디서 본 적 있나?)
SET,0,Remove,,,실루엣4
RADIO,0,,,,내가 기억을 더듬는 동안 그 사람들은 부스를 떠났다.
RADIO,0,,,,나도 마땅히 기억나지 않아 기억에 저편에 묻고 다시 핸드폰이나 했다.
RADIO,0,,,,......
SET,0,Member,,tired,주시현
RADIO,0,,,,30분 쯤 지났을까? 시현 누나가 급하게 뛰어왔다.
TALK,0,주시현,,,흐어!!
TALK,0,주시현,,,남주야. 혹시 이렇게 생긴 친구 못봤니?
RADIO,0,,,,시현 누나는 땀을 닦으며 핸드폰을 보여줬다.
RADIO,0,,,,핸드폰에는 아까 봤던 낯익은 사람의 얼굴이 있었다.
TALK,0,김남주,,,응? 어..... 본 것 같은데.
TALK,0,김남주,,,아! 아까 부스에 친구 분들이랑 잠깐 왔다 가신 분 같아.
TALK,0,주시현,,,아이고.... 엇갈렸구나.
TALK,0,주시현,,,"아, 남주야. 다음 주에 개강총회 하니까 공지보고 꼭 와라. "
TALK,0,주시현,,,알겠지??
TALK,0,주시현,,,난 간다!
SET,0,Remove,,,주시현
RADIO,0,,,,시현 누나는 그렇게 말하고 어딘가로 급히 뛰어갔다.
TALK,0,김남주,,,(개강총회라....)
RADIO,0,,,,하긴 동아리 거리제도 하는데 끝나면 개강총회도 해야지.
RADIO,0,,,,누나 진짜 바쁘겠다.
RADIO,0,,,,나는 핸드폰을 꺼내 공지방의 글을 확인했다.
TALK,0,김남주,,,(다음 주 목요일 6시?)
TALK,0,김남주,,,"(집가서 침대에 다이빙하려 했는데..... 어쩔 수 없지, 뭐)"
RADIO,0,,,,"어느덧 시간은 흘러 4시가 넘었고, 나는 자리를 정리하고 마지막 강의를 들으러 갈 준비를 했다."
RADIO,0,,,,R관 앞을 지나가다 순간 눈이 부셔 정신을 잃을 뻔 했다.
RADIO,0,,,,어떻게 저렇게 야무지게 머리가...
TALK,0,김남주,,,(조용히 수업이나 들어가자.)
RADIO,0,,,,순간 부스에 앉아있을 때 들은 이야기들이 떠올랐다.
SCENE,0,,,,
SET,0,BG,,,namzuroom
RADIO,0,,,,수업을 다 듣고 자취방으로 돌아왔다.
RADIO,0,,,,오늘 거리제 부스에서 너무 오랫동안 앉아 멍을 때려서 그런지 피곤했다.
RADIO,0,,,,"조금 쉬려고 침대에 털썩 누웠는데, 핸드폰에서 익숙한 알림소리가 들렸다."
TALK,0,서유주,,,@남주 롤 ㄱ?
RADIO,0,,,,유주 누나였다.
RADIO,0,,,,"서유주, 재수해서 1년 많은 동기"
RADIO,0,,,,평소에 자주 같이 롤을 하는 사이다.
RADIO,0,,,,재수하면서도 롤도 하고..... 대단한 사람이다
TALK,0,김남주,,,ㄱㄱ
RADIO,0,,,,평상시처럼 동기들과 롤 몇 판을 하다보니 시간이 빠르게 지나갔다.
RADIO,0,,,,벌써 밤 12시를 바라보고 있는 시계를 보니 하루가 다 지나간 것 같아 마음이 아프다.
RADIO,0,,,,"다른 친구들은 전부 피곤하다며 자러 들어갔고, 나와 유주 누나만 음성 채널에 남았다."
SET,0,Event,,,discord2_yujuhappy
TALK,0,서유주,,,오늘 무슨 일 있었어? 왜 이렇게 목소리가 피곤한 것 같냐.
TALK,0,김남주,,,아.... 그랬나? 거리제 부스 지키느라....
TALK,0,서유주,,,그 유령 동아리?
TALK,0,서유주,,,거리제 부스 안할 줄 알았는데 하는구나.
TALK,0,김남주,,,아니 유령 동아리...... 맞긴 한데.
TALK,0,김남주,,,그래도 내 소중한 안식처야.
TALK,0,김남주,,,학교에서 여기 만큼 편한 곳이 없어.
TALK,0,서유주,,,아 미안.... 크크
TALK,0,서유주,,,아니 너가 하도 사람도 없고 유령 동아리라고 하길래 나도 입에 붙었지.
TALK,0,서유주,,,쏘리쏘리!
TALK,0,서유주,,,너가 편하면 된거지. 좋겠다야.
TALK,0,김남주,,,암튼 다음 주에 개총 가야해.
TALK,0,김남주,,,벌써부터 피곤하다.
TALK,0,서유주,,,엥? 너가 개총을 간다고? 진짜 별 일이네
TALK,0,서유주,,,너 원래 사람 만나러 잘 안나가잖아.
TALK,0,김남주,,,어쩔 수 없는 사정이 있어.
TALK,0,김남주,,,회장 누나한테 안 오면 죽는다는 생명의 위협같은걸 받았거든.
RADIO,0,,,,물론 그런 적 없다
TALK,0,서유주,,,생명의 위협 뭐야 ㅋㅋㅋㅋㅋㅋ
TALK,0,서유주,,,진짜 웃기네
TALK,0,서유주,,,가기 싫으면 가지마. 나랑 겜이나 하자.
TALK,0,서유주,,,너 랭크 올려야 하잖아.
TALK,0,김남주,,,아.... 누나한테 얻어먹은게 너무 많아서 가야할 것 같아.
TALK,0,김남주,,,오늘 거리제 부스도 사실 밥값하러 앉아 있었던 거라.
TALK,0,서유주,,,대체 얼마나 많이 얻어먹은거야?
TALK,0,김남주,,,음.....
TALK,0,김남주,,,치킨 한 다섯마리....
TALK,0,김남주,,,옐로우 피자 한 번.....
TALK,0,김남주,,,곤플은 몇 번이더라? 거의 맨날 간듯?
TALK,0,김남주,,,아 그래도 얻어먹고 커피는 내가 샀음!
TALK,0,서유주,,,"야, 그 정도면 동아리의 노예가 되는 게 맞다."
TALK,0,서유주,,,밥값 제대로 하자.
TALK,0,김남주,,,진짜 너무하네
TALK,0,서유주,,,크크
TALK,0,서유주,,,암튼 동아리 부스하면서 신입 좀 들어왔어?
TALK,0,김남주,,,글쎄...... 임원이 아니라서 잘 모르겠네
TALK,0,김남주,,,"아, 맞다. 앉아있다가 누나가 지난번에 준 기프티콘으로 음료수 사마셨어."
TALK,0,김남주,,,이번에 나온 스타벅스 신메뉴 맛있더라.
TALK,0,서유주,,,아 그래? 잘했네.
TALK,0,서유주,,,맞아 이번 신메뉴 진짜 맛있더라.
TALK,0,서유주,,,시즌 한정 말고 계속 쭉 팔아줬으면 좋겠어......
TALK,0,김남주,,,인정.
TALK,0,김남주,,,"아, 신입하니까 생각났다."
TALK,0,김남주,,,나 지난 번에 동방에서 자고 있는데 어떤 여자분이 들어오셨어.
TALK,0,김남주,,,이 분도 신입으로 들어오신 걸까?
TALK,0,서유주,,,동방 들어왔으면 맞을 수도?
TALK,0,서유주,,,옆 방이랑 착각하진 않았을 거잖아.
TALK,0,김남주,,,"뭐, 개강총회 가보면 알 수 있겠지."
TALK,0,김남주,,,아 진짜 피곤하다. 나 내일 2교시 '장'이야.
TALK,0,김남주,,,자러 가야겠다.
TALK,0,서유주,,,앗 혹시 홀수신가요?
TALK,0,김남주,,,놀리지 마라.
TALK,0,서유주,,,"히히히, 고생해라."
TALK,0,서유주,,,잘 자! 안녕~
TALK,0,김남주,,,"응, 누나도~"
TALK,0,김남주,,,또롱
SET,0,Event,,,
RADIO,0,,,,유주 누나가 먼저 디스코드를 나갔다.
RADIO,0,,,,나도 곧바로 디스코드를 나가고 컴퓨터를 껐다.
RADIO,0,,,,그리고 침대에 곧바로 누워 잠을 청했다.
SCENE,0,,,,
SET,0,BG,,,class
TALK,0,김남주,,,흐아암.....
RADIO,0,,,,"금요일 6시, 개강총회에 참여하기 위해 피곤한 몸을 이끌고 강의실에 왔다."
SET,0,Event,,,haram_diagonal
RADIO,0,,,,주위를 둘러보니 아는 얼굴 사이에 새로운 얼굴이 좀 보이는 듯 했다.
RADIO,0,,,,시현 누나가 열심히 꼬드겨서 데려온 사람들일까.
TALK,0,주시현,,,그럼 2023년 2학기 서강독서동아리 개강총회를 시작하겠습니다.
SET,0,Event,,,
SET,0,Member,,idle,주시현
RADIO,0,,,,아무 생각이나 하던 차에 개강총회가 시작했다.
RADIO,0,,,,......
RADIO,0,,,,.......
TALK,0,주시현,,,이상입니다.
TALK,0,주시현,,,질문 있나요?
RADIO,0,,,,......
TALK,0,주시현,,,없다면 이것으로 개강총회를 마치겠습니다.
SET,0,Remove,,,주시현
TALK,0,주시현,,,뒤풀이는 옹고집에서 하니까 옹고집으로 가주시면 됩니다.
RADIO,0,,,,시현 누나의 그 말이 끝나고 사람들은 각자 짐을 챙겨 강의실을 나왔다.
RADIO,0,,,,옹고집은 처음이네..... 같은 생각을 하며 나도 뒤를 따라 나섰다.
RADIO,0,,,,뒤에서 누가 또 옹고집이야? 라고 궁시렁대는 소리를 들은 것 같았다.
RADIO,0,,,,.......
SET,0,BG,,,dakgalbi
RADIO,0,,,,우리는 옹고집에 도착해 각자에 자리에 앉았다.
TALK,0,김남주,,,(다 아는 얼굴이구만.)
RADIO,0,,,,"그런 생각을 하던 중, 대각선 자리에 새로운 얼굴이 보였다."
RADIO,0,,,,"아니, 처음 보는 얼굴은 아니었다."
RADIO,0,,,,"지난 번 거리제에서 봤던 사람, 동방에서 마주쳤던 그 사람인 것 같았다."
RADIO,0,,,,분위기는 비슷한데.....
TALK,0,김남주,,,(나중에 기회되면 물어봐야지.)
RADIO,0,,,,주문을 하고 사람들이 하나 둘씩 얘기를 나누기 시작했다.
SET,0,Member,,,실루엣2
TALK,0,동아리원1,,,아 저는 xx학번....
TALK,0,동아리원2,,,혹시 MBTI가 어떻게 되세요?
RADIO,0,,,,"정형화된 얘기로 시작해, 음식이 나오고, 술이 나오며 어느 순간부터 자리가 시끌벅적해지기 시작했다."
SET,0,Remove,,,실루엣2
RADIO,0,,,,다 같이 대화를 하던 사람들은 어느새 성향이 비슷한 사람들끼리 붙어 대화를 나누기 시작했다.
SET,0,Member,,idle,유하람
RADIO,0,,,,문득 아까 그 사람은 무엇을 하고 있나 쳐다보니 같은 테이블 사람들은 없고 혼자 핸드폰을 보고 있었다.
SET,0,Remove,,,유하람
TALK,0,김남주,,,(지금이 말 걸어볼까?)
RADIO,0,,,,
SELECT,0,4-1 +1,,,아는 척을 해본다.
SELECT,0,4-2 +1,,,그냥 가만히 있어본다.
SCENE,0,4-1 +1,,,
SET,0,BG,,,dakgalbi
SET,0,Member,,idle,유하람
TALK,0,김남주,,idle,"(이왕 밥값하러 온 거, 말이라도 걸어보는게 좋겠지.......)"
TALK,0,김남주,,,"아, 안녕하세요."
TALK,0,???,,smile,"음? 아, 안녕하세요."
TALK,0,김남주,,,혹시 이전에 거리제 부스에 오신 적 있지 않으세요?
TALK,0,???,,,"아, 맞아요. 그때 앉아계셨던 분이신가요?"
TALK,0,???,,,반가워요.
TALK,0,김남주,,,하하.... 네
TALK,0,김남주,,,혹시 성함이 어떻게 되세요?
TALK,0,유하람,,,"아, 제 이름은 유하람이라고 해요. "
TALK,0,유하람,,,그쪽은....
TALK,0,김남주,,,"아, 저는 김남주라고 합니다."
TALK,0,김남주,,,혹시 전공이 어떻게 되세요?
TALK,0,유하람,,,"아, 저 지융미에요."
TALK,0,유하람,,,아직 세부전공은 안정했어요.
TALK,0,유하람,,,뭐할까 고민이 많이 되네요.....
TALK,0,유하람,,,하하.....
TALK,0,김남주,,,그렇구나.... 혹시
RADIO,0,,,,말을 더 하려던 중 자리를 떴던 사람들이 돌아왔다.
RADIO,0,,,,하람.... 님은 친절하게 답해주시긴 하셨는데 뭔가 불편한 느낌이었다.
SET,0,Remove,,,유하람
RADIO,0,,,,괜히 말을 걸었다는 생각을 하며 1차가 끝나고 집에 가야겠다 생각했다.
SCENE,0,4-2 +1,,,
SET,0,BG,,,dakgalbi
RADIO,0,,,,말을 걸어볼까 하다가 그냥 적당히 핸드폰이나 봐야겠다고 생각했다.
SET,0,Member,,idle,유하람
RADIO,0,,,,"핸드폰을 보다가 옆에 있는 분이랑 한두마디씩 하고 있었더니, 그 분이 먼저 말을 걸어왔다."
TALK,0,???,,smile,혹시 전에 동방에서 주무시고 계셨던 분이신가요?
RADIO,0,,,,
SELECT,0,,1번 +1,,"아, 네! 저번에 인사했던 분인가요? 반가워요. 혹시 성함이 어떻게 되세요?"
SELECT,0,,2번 +1,,네.맞아요. 잠결에 누가 왔다는 건 알았는데 그쪽이셨구나. 혹시 성함이 어떻게 되세요?
TALK,0,유하람,,,"아, 제 이름은 유하람이에요."
TALK,0,김남주,,,하람님이시구나. 저는 김남주에요.
TALK,0,김남주,,,혹시 전공은 어떻게 되세요?
TALK,0,유하람,,,저는 지융미에요.
TALK,0,유하람,,,세부 전공은 아직 못정했어요.
TALK,0,유하람,,,근데 디자인쪽을 공부하고 싶어서 아텍을 갈까 고민하고 있어요.
TALK,0,김남주,,,아하.... 아텍.
TALK,0,김남주,,,동아리 선배중에 아텍이 좀 있었던 것 같은데.
TALK,0,유하람,,,네. 시현 언니한테 들었어요.
TALK,0,유하람,,,와서 친해지면 도움 될거라고 하더라고요.
TALK,0,김남주,,,아 시현 누나가 그렇께 꼬셨구나.
TALK,0,김남주,,,"아, 저는 컴공이에요."
TALK,0,김남주,,,아텍 선택하시면 코딩도 많이 하시지 않나요?
TALK,0,유하람,,,네. 그렇다고 들었어요.
TALK,0,김남주,,,혹시 코딩 도와드릴 거 있으면 말해요.
TALK,0,김남주,,,제가 도와드릴 수 있는 건 도와드릴게요.
TALK,0,유하람,,shiny,"헐, 정말요?"
TALK,0,유하람,,,진짜 물어봐도 되죠?
TALK,0,동아리원,,,이 친구 동아리 지박령인데 진짜 잘해요. 진짜 물어봐도 돼요.
TALK,0,유하람,,snile,너무 좋은데요?
TALK,0,동아리원,,,"아, 그리고 둘이 동갑일걸요?"
TALK,0,동아리원,,,"남주야, 너도 스물이지?"
TALK,0,김남주,,,응
TALK,0,유하람,,,"어, 저도 스물이에요."
TALK,0,김남주,,,"아, 정말요?"
TALK,0,김남주,,,그럼 저희 말 놓을까요?
SET,0,Remove,,,유하람
TALK,0,유하람,,,"그래, 좋아."
RADIO,0,,,,그렇게 우린 말을 놓았다.
RADIO,0,,,,"얘기를 할수록 하람이가 정말 친절하고, 말을 조리있게 잘한다는 것을 느꼈다."
RADIO,0,,,,겹강이 있다는 것도 신기했다.
RADIO,0,,,,뒤풀이 막바지에 우리는 인스타와 에타 친구 추가를 하고 헤어졌다.
RADIO,0,,,,"오랜만에 술자리라 많이 피곤했지만, 내일이 주말이라는 것에 안도하며 잠을 잘 수 있었다."
SCENE,0,,,,
SET,0,BG,,,class
TALK,0,김남주,,,흐아암....
RADIO,0,,,,미적분학2 강의 시간이었다.
RADIO,0,,,,"좀 피곤하긴 하지만, 그래도 수업은 열심히 들어야지."
SET,0,Member,,idle,서유주
RADIO,0,,,,그런 생각을 하는 중에 유주 누나가 들어왔다.
TALK,0,김남주,,,"어, 킹갓제너럴 롤 마스터 서유주씨 아니야?"
TALK,0,김남주,,,점수는 많이 올렸나?
TALK,0,서유주,,,조용히 해.
TALK,0,서유주,,,갑자기 무슨 말이야.
RADIO,0,,,,나는 낄낄대며 웃었다.
TALK,0,서유주,,,어휴......
TALK,0,서유주,,,그래서 지난 주 개총은 어땠어?
TALK,0,김남주,,,그냥저냥이었지.
TALK,0,김남주,,,적당히 앉아 있다가 집에 갔어
TALK,0,서유주,,,"뭐야, 선배가 밥값좀 하라고 불렀다더니 왜 적당히 앉아있어."
TALK,0,서유주,,,신입은 많이 들어왔어?
TALK,0,김남주,,,응. 처음 보는 분들도 꽤 많았어.
TALK,0,김남주,,,시현 누나가 열심히 일했나봐.
TALK,0,김남주,,,그래도 새로운 분들이랑 얘기도 좀 했어.
TALK,0,서유주,,,"오, 그래도 말은 하다 왔네?"
TALK,0,서유주,,,그래서 좀 친해진 사람들은 있어?
TALK,0,김남주,,,잘 모르겠어.
TALK,0,김남주,,,그래도 서로 연락처도 교환했지.
TALK,0,김남주,,,동아리 활동하다보면 친해질 수 있지 않을까?
TALK,0,서유주,,,그럼~ 남주도 동방에서 그만 자고 친구 좀 사귀고 해야지.
TALK,0,김남주,,,무슨 소리야. 내가 얼마나 사교성이 좋은데...
RADIO,0,,,,그렇게 서로 티격태격 하다 종이 쳤다.
RADIO,0,,,,우리는 가만히 노트와 태블릿을 켜고 교수님 말씀을 들었다.
RADIO,0,,,,평상시처럼 수업을 듣고 있는데 옆에서 유주 누나가 엄청난 기세로 필기를 하고 있었다.
RADIO,0,,,,평소에는 겜순이처럼 보이는 유주 누나지만 이런 순간엔 정말 열심히 공부한다.
RADIO,0,,,,"수업시간에 잘 졸지도 않고, 필기도 열심히 하고...."
RADIO,0,,,,장난기 많아 보이고 능청맞은 모습 뒤에는 이런 노력가가 있는 것이다.
TALK,0,김남주,,,(어쩐지 옆이 뜨거운 것 같기도.....)
RADIO,0,,,,착각인지  모르겠지만 옆자리에서 진짜 열기가 나오는 것만 같았다.
RADIO,0,,,,딩동 댕동 딩동 댕동
TALK,0,교수,,,"네, 오늘은 여기까지 하도록 하겠습니다."
TALK,0,교수,,,과제는 사이버 캠퍼스로 올려드렸으니 풀어서 제출하시면 돼요.
TALK,0,교수,,,지각 제출은 받지 않겠습니다.
RADIO,0,,,,웅성거리는 소리와 함께 강의실 밖으로 학생들이 빠져나갔다.
RADIO,0,,,,그런데 유주 누나는 자리에서 움직이지를 않았다.
RADIO,0,,,,뭔가 하고 들여다보니 필기한 내용을 빤히 쳐다보고 있었다.
TALK,0,김남주,,,수업 끝났는데 안가? 뭐 고민이라도 있어?
TALK,0,서유주,,somethingwrong,"아니.... 나 진짜 필기도 열심히 하고, 복습도 열심히 했거든?"
TALK,0,서유주,,,근데 오늘 진도 나간 부분이 이해가 안가.
TALK,0,서유주,,,머리가 안 돌아가나....
RADIO,0,,,,이 부분은 내가 이해를 하고 고개를 끄덕인 부분이었다.
RADIO,0,,,,어떻게 하는 것이 좋을까.
SET,0,Remove,,,서유주
RADIO,0,,,,"내가 알려주는게 좋을까, 교수님께 확실하게 질문하라고 하는게 좋을까."
RADIO,0,,,,
SELECT,0,"5-1 +1,서유주 +5",,,내가 알려줄 수 있는 부분은 알려줄게. 어떤 부분이야?
SELECT,0,"5-2 +1,유하람 +5",,,교수님께 여쭤보라고 한다.
SCENE,0,5-1 +1,,,
SET,0,BG,,,class
SET,0,Member,,somethingwrong,서유주
TALK,0,김남주,,somethingwrong,"이 부분이면..... 내가 알려줄 수 있을 것 같은데, 정확히 어떤 부분이야?"
TALK,0,서유주,,,"아, 오늘 과제 나가는 부분에서......."
TALK,0,서유주,,,여기 증명이 이해가 안 가. 이게 왜 이렇게 되는 거지?
TALK,0,김남주,,,"음, 저 부분."
TALK,0,김남주,,,일단 여기 수업해야 하는 것 같은데 나가자.
TALK,0,김남주,,,이거 하고 같이 밥먹으러가.
TALK,0,서유주,,funny,감사합니다아.......
TALK,0,서유주,,,"하, 진짜 답답해 미칠 것 같아."
TALK,0,서유주,,,오케이. 속이 답답한데 속 풀겸 청석골이나 가자.
TALK,0,김남주,,,그래그래. 뼈석골은 못참지.
TALK,0,김남주,,,일단 나가자.
RADIO,0,,,,그렇게 누나에게 설명을 해주고 밥을 먹으러 갔다.
RADIO,0,,,,누나는 답답했던 부분이 해소되어서 그런지 얼굴이 정말 편안해 보였다.
RADIO,0,,,,열심히 공부하는 사람을 보면 괜히 내가 뿌듯한 기분이 든다.
RADIO,0,,,,"밥도 맛있고, 옆에 있는 사람은 편안해 보이고......."
SET,0,Remove,,,서유주
RADIO,0,,,,오늘은 왠지 좀 행복한 날이다.
SCENE,0,5-2 +1,,,
SET,0,BG,,,class
SET,0,Member,,somethingwrong,서유주
TALK,0,김남주,,somethingwrong,아직 교수님 안 나가셨으니까 질문하러 가는 건 어때?
TALK,0,김남주,,,잘 모르는 건 교수님께 확실하게 여쭤보는게 좋지
TALK,0,서유주,,funny,"흠, 그래야겠다."
SET,0,Remove,,,서유주
TALK,0,서유주,,,오케이. 먼저 가! 나중에 봐.
RADIO,0,,,,누나는 후다닥 교수님께 달려가 질문을 했다.
SET,0,BG,,,club
RADIO,0,,,,나는 그런 누나를 뒤로 한 채 동아리방에 와서 잠깐 낮잠을 자려고 엎드렸다.
RADIO,0,,,,잠들기 직전 문이 열리더니 시현 누나가 와서 밥먹으러 가자며 나를 깨웠다.
SET,0,Member,,laugh,주시현
TALK,0,주시현,,laugh,김남주! 일어나. 하람이도 왔는데 같이 밥이나 먹으러 가자.
TALK,0,김남주,,,으에? 아이고..... 하이.......
TALK,0,김남주,,,뭐 먹으러 가게?
SET,0,Member,,smile,유하람
TALK,0,유하람,,smile,"아, 안녕! 많이 피곤했나보다."
TALK,0,유하람,,,언니랑 오면서 가츠벤또 갈까 했는데 혹시 괜찮아?
TALK,0,김남주,,,가츠벤또......
TALK,0,김남주,,,굿.
RADIO,0,,,,그렇게 시현 누나랑 하람이와 셋이서 가츠벤또에 가서 밥을 먹었다.
RADIO,0,,,,개총 이후 다시 보니 왠지 모를 반가움이 올라왔다.
RADIO,0,,,,그나저나 유주 누나는 궁금한 부분 잘 해결 했으려나?
RADIO,0,,,,교수님께 질문하러 갔는데 완벽하게 이해했겠지.
SET,0,Remove,,,주시현
RADIO,0,,,,이따가 게임할 때 슬쩍 물어봐야겠다.
SCENE,0,,,,
SET,0,BG,,,class
TALK,0,교수님,,,"네, 여기까지 '행복이란 무엇인가'에 대한 내용이었습니다."
TALK,0,교수님,,,이제 토의 그룹끼리 뭉쳐 앉으면 될 것 같아요.
TALK,0,교수님,,,오늘의 토의 주제는 '행복한 삶을 위한 조건은 무엇인가.'입니다.
RADIO,0,,,,으음... 뭔가 좀 웅성거리는 소리에 정신이 들어서 봤더니 사람들이 분주히 움직이고 있었다.
RADIO,0,,,,"젠장, 또 언제 졸아버린거지."
RADIO,0,,,,지금 내가 듣고 있는 수업은 서강대 교양 필수 트랙 중 하나인 '철학적 인간학'이다.
RADIO,0,,,,"종교트랙 중에 제일 종교적 색채가 없는 거라 인기가 많은데, 뼛속까지 이과 그 자체인 나에게는 이것도 너무 버겁다."
RADIO,0,,,,선배들 조언처럼 계절 때 후딱 끝냈어야 됐나...
RADIO,0,,,,"머릿속으로는 이런저런 불평을 하면서도, 후딱 짐을 챙겨서 우리 조원들이 있는 곳으로 갔다."
SET,0,Member,,smile,유하람
TALK,0,김남주,,smile,안녕하세요.
TALK,0,"학생1,2",,,안녕하세요.
TALK,0,유하람,,,안녕하세요.
RADIO,0,,,,"엉거주춤 어색하게 인사를 하니, 저쪽에서도 어색한 듯이 받아줬다."
RADIO,0,,,,"벌써 이 조로 수업시간에 만난 것도 3주가 다 되어가지만, 매번 필요한 말들만 딱 하니까 친해질 일이 전혀 없다."
TALK,0,김남주,,,오늘 기록 담당은... 저 맞을까요.
TALK,0,유하람,,,"네, 맞아요."
TALK,0,유하람,,,"네, 그럼... '행복한 삶을 위한 조건은 무엇인가'에 대해서 각자 의견 얘기해주실까요."
TALK,0,학생1,,idle,음...
RADIO,0,,,,어색한 정적.
RADIO,0,,,,"정말, 토의를 할 때마다 대충 이런 분위기라 나랑 하람이 늘 대화 지분의 80%를 차지하는 것 같다."
RADIO,0,,,,그나마 팀플이 아니라 적당한 토의에서 이런 놈들을 만난 게 다행이려나.
TALK,0,유하람,,,"뭐, 본인이 부족하다고 생각하는 점에 대해서 열심히 노력해서 고쳐나가야 하지 않을까요."
RADIO,0,,,,아하...
TALK,0,유하람,,,본인이 본인 스스로한테 만족을 못하는 데 행복할 수는 없다고 생각해요.
TALK,0,유하람,,,스스로의 컴플렉스를 고칠 수 있게 적극적으로 노력해야 한다고 생각해요.
TALK,0,학생1,,,맞는 말인 것 같아요.
TALK,0,학생2,,,저도 동의합니다.
RADIO,0,,,,또 저렇게 묻어간다... 에휴... 뭐...
TALK,0,김남주,,,"네, 알겠습니다. 특별히 다른 의견 없으면 이렇게 발표할게요."
RADIO,0,,,,매번 하람이한테 신세 지는 것 같아서 조금 미안한 마음이 들 정도이다.
TALK,0,유하람,,smile,김남주씨는 다른 의견 없으신가요?
TALK,0,김남주,,,저요?
TALK,0,유하람,,shiny,"네, 오늘 유독 빨리 끝난 것 같아서요."
RADIO,0,,,,하람이가 조금 멋쩍은 듯 웃으며 얘기했다.
RADIO,0,,,,"실제로 다른 조들을 둘러보니 이제 막 토의가 시작된 분위기였고, 교수님도 슬슬 교실을 돌고 계셨다."
TALK,0,김남주,,,아...
TALK,0,김남주,,,"저는 조금 다르게 생각하는게, 하람씨 말대로 노력해서 바꿔야만 하는 것들이 있는 반면, 그렇지 않은 것들도 있는 것 같아요."
RADIO,0,,,,내 말을 들은 하람이 이해가 안 간다는 듯 고개를 약간 갸우뚱했다.
TALK,0,김남주,,,"어... 예를 들어, '내가 알코올 중독이 있다.' 그러면 그건 반드시 치료를 통해 극복을 해야겠죠."
TALK,0,김남주,,,"근데 만약 '내가 인간관계가 좁은 게 마음에 안 든다', 아니면 '내 성격이 좀 예민한 것 같아서 싫다.' 이런 것들은,"
TALK,0,김남주,,surprised,애초에 그게 극복해야 할 대상이 아니라는 걸 받아들이는 것 자체가 그 컴플렉스를 극복하는 법이라고 생각해요.
RADIO,0,,,,하람이 조금 묘한 표정으로 나를 바라보고 있었다.
TALK,0,김남주,,,"음... 말이 좀 복잡했나요. 예를 들어,"
TALK,0,김남주,,,"인간관계 좁음'이라는 컴플렉스를 극복하는 방법이 꼭 노력해서 친구 수를 늘리는 게 아니라, '인간관계가 좁은 것이 단점이 아니라는 걸 받아들이기.'가 될 수 있다고 생각해요."
TALK,0,김남주,,,"행복하게 살아가는 데에는 다양한 방법이 있다는 걸 받아들이고, 본인 역시 본인 고유의 색깔을 있는 그대로 존중해줘야 된다고 생각해요."
TALK,0,유하람,,,아...
RADIO,0,,,,"학창시절 사춘기를 겪으며 정립해 온 나름의 개똥철학인데, 생각보다 너무 길게 얘기하게 되서 머쓱했다."
TALK,0,김남주,,,조금... 이해가 됐을까요?
TALK,0,학생1,,smile,"네, 그것도 좋은 의견 같아요."
TALK,0,김남주,,,"근데 막상 쓰려니까 좀 복잡해서, 일단 발표는 하람씨 의견으로 하겠습니다."
TALK,0,교수님,,,"네, 그럼 각자 조별로 의견 정리 됐을까요?"
TALK,0,교수님,,,1조부터 차례대로 발표할게요.
RADIO,0,,,,나는 내가 정리한 메모장을 보며 발표할 말들을 생각하고 있었다.
SET,0,Remove,,,유하람
RADIO,0,,,,"그러다 문득 앞을 보니, 유하람이 무언가 생각에 잠긴 듯한 표정을 하고 있었다."
SCENE,0,,,,
SET,0,BG,,,club
RADIO,0,,,,어느 때처럼 수업이 끝나고 동방에 누워서 여유로운 한 때를 즐기고 있었다.
SET,0,Member,,smile,주시현
RADIO,0,,,,"그 때, 누군가 동방 문 비번을 누르는 소리가 들렸다."
TALK,0,김남주,,,"어, 누나 왔구나."
TALK,0,주시현,,,밥 먹자.
TALK,0,김남주,,,아... 뭔가 나가기 귀찮은데...
RADIO,0,,,,"으아 ~ 하며 죽어가는 소리와 함께 쇼파에 축 늘어져 있던 몸을 간신히 일으켜 세우고 있으니, 시현 누나가 나를 한심한 표정으로 쳐다보고 있었다."
TALK,0,주시현,,,좀 더 성실한 애가 동방 지박령이었으면 얼마나 좋았어.
TALK,0,김남주,,,"예예, 안타깝게 됐네요."
TALK,0,김남주,,,"그래서, 뭐 먹으러 갈거야?"
TALK,0,주시현,,,음... 오랜만에 정든그릇 어때?
TALK,0,김남주,,,웨이팅 길지 않을까.
TALK,0,주시현,,,지금 시간이 좀 애매해서 괜찮지 않을까?
TALK,0,주시현,,,일단 갔는데 사람 많으면 다른 곳 가자. 옆에 남매밥상도 있고.
TALK,0,김남주,,,그래.
RADIO,0,,,,#정든그릇 앞 쪽
TALK,0,주시현,,,"오, 웬일이냐. 일단 기다리는 사람은 없어."
TALK,0,김남주,,,그러게.
TALK,0,점원,,,"아, 지금 자리가 꽉 차서 좀 기다리셔야 하는데 괜찮나요?"
TALK,0,주시현,,,괜찮아?
TALK,0,김남주,,,"난 괜찮은데, 누나는 수업 끝났어?"
TALK,0,주시현,,laugh,"어, 다음 교시 교수님 개인사정으로 휴강이래."
TALK,0,김남주,,,"와, 개부럽다."
TALK,0,주시현,,,애초부터 공강인 놈이 뭐가 부럽대.
RADIO,0,,,,우리는 서로를 바라보며 킬킬대다가 가게 앞에 있는 의자에 앉았다.
RADIO,0,,,,"문득 하늘을 올려다보니, 구름 없이 도화지처럼 푸른 게 이제는 정말 가을이구나 싶었다."
TALK,0,주시현,,smile,요즘 동방에서 새로운 사람은 못 봤어?
TALK,0,김남주,,,음... 내가 오는 시간대에는 잘 없는 것 같은데.
TALK,0,주시현,,,하루종일 있는 너가 그렇게 말하는 거면 없다는 거네.
TALK,0,김남주,,,"아니, 나도 엄연히 시간표라는 게 있거든."
TALK,0,주시현,,,근데 왜 내가 올 때마다 너가 있지?
TALK,0,김남주,,,누나가 자주 안 오는 거겠지.
TALK,0,김남주,,,"내가 혼자 있는 시간이 거의 80%, 누나나 하람이가 올 때가 18%, 나머지 2% 정도가 신입 분들 한 번씩 오시는 정도...?인 것 같아."
TALK,0,주시현,,,"으음, 그래도 하람이도 종종 오고 있구나."
TALK,0,점원,,,이제 들어와주세요.
TALK,0,김남주&주시현,,laugh,네~
SET,0,BG,,,mapossam
RADIO,0,,,,#정든그릇
TALK,0,주시현,,smile,뭐 시킬거야?
TALK,0,김남주,,,정든카츠.
TALK,0,주시현,,,그게 제일 맛있긴 해.
TALK,0,주시현,,,"여기 정든카츠 하나, 연어덮밥 하나 주세요."
RADIO,0,,,,"메뉴를 시키고 누가 먼저랄 것 없이 숟가락, 젓가락, 물을 세팅하고 나니 잠깐의 침묵이 찾아왔다."
RADIO,0,,,,그래도 앞에 있는 사람이 워낙 편한 사람이라 침묵이 불편하지는 않았다.
TALK,0,점원,,,정든카츠는 어디에 놓아드릴까요?
TALK,0,주시현,,,"아, 저쪽이요."
TALK,0,점원,,,네~
RADIO,0,,,,예상했던 것보다는 금방 음식이 나왔다.
RADIO,0,,,,누나는 나온 연어덮밥을 보더니 갑자기 화색이 돌았다.
RADIO,0,,,,이게 많이 먹고 싶었나보다.
TALK,0,김남주,,,잘먹겠습니다.
TALK,0,주시현,,smile,잘먹겠습니다.
RADIO,0,,,,우리는 말없이 각자 시킨 걸 먹기 시작했다.
TALK,0,주시현,,,연어 하나 먹을래?
TALK,0,김남주,,,"아, 고마워. 누나도 이거 가져가."
TALK,0,주시현,,,"그래, 고마워."
TALK,0,주시현,,,"음, 여기 돈까스가 역시 맛있어."
TALK,0,김남주,,,"그치, 학교 주변에서는 제일 괜찮은 것 같아."
RADIO,0,,,,누나는 우물우물 돈까스를 씹으면서 고개를 끄덕거렸다.
TALK,0,주시현,,,"그러게, 저번 개총 뒷풀이 때 보니까 둘이 꽤 친해진 것 같더라."
TALK,0,김남주,,,"음? 누구...? 아, 나랑 하람이?"
TALK,0,주시현,,,그렇지 않아?
TALK,0,김남주,,,"뭐, 인스타 공유하고 말을 놓고 그러긴 했는데, 그 뒤로는 수업이나 동방에서 마주치면 인사하거나 잠깐 얘기하는 정도?"
TALK,0,주시현,,,수업이랑 동방 정도면 접점이 되게 많은데?
TALK,0,김남주,,,맞아. 영글의도 겹치고 철인도 겹쳐. 특히 철인은 같은 토론조야.
TALK,0,주시현,,,오~ 친해지기 좋겠네.
TALK,0,김남주,,,"그런...가? 뭐, 그렇긴 하지."
TALK,0,주시현,,,"뭐야, 반응이 왜 그래."
TALK,0,김남주,,,"아니 사실 뭐랄까, 좋은 분인 건 알겠는데... 아직 어떤 분인지는 잘 모르겠어."
RADIO,0,,,,내가 살짝 말끝을 흐리니까 누나는 내게 조금 더 말해보라는 듯한 시선을 던졌다.
TALK,0,김남주,,,사실 알게 된 지 얼마 안 됐으니까 아직 어떤 분인지 모르겠는게 당연하긴 한데...
TALK,0,김남주,,,근데 막 '엄청 친해질 수 있겠다!'는 느낌을 받은 건 아니었고. 그렇다고 막 불편한 건 또 아니고.
TALK,0,김남주,,,"애초에 둘이 얘기를 하더라도 수업 관련된 얘기 조금이지, 그 이상 다른 얘기를 깊게 나눠본 적은 없어서."
RADIO,0,,,,"사실 갑자기 왜 하람이 얘기가 나온 지도 모르겠고, 걔가 없는 자리에서 이러쿵저러쿵 더 얘기하기도 좀 불편했다."
RADIO,0,,,,그리고 이 말 말고는 특별히 할 말이 없는 것도 사실이었다.
TALK,0,주시현,,idle,흐음...
RADIO,0,,,,누나는 잠시 연어덮밥을 오물거리더니 꿀꺽 삼키고는 한마디 했다.
TALK,0,주시현,,,그래? 난 너네 둘 되게 금방 친해질 것 같았는데.
TALK,0,김남주,,,...그래?
RADIO,0,,,,누나는 제법 의외라는 듯한 표정으로 나를 바라보았다.
RADIO,0,,,,"아니, 그런 눈으로 보고 싶은 건 오히려 이쪽인데요."
TALK,0,주시현,,smile,다 먹었어? 일어나자.
TALK,0,김남주,,,그래.
RADIO,0,,,,"모르겠다, 누나는 하람이랑도 친하니까 내가 모르는 하람이의 어떤 모습을 보고 그렇게 생각했겠지."
SET,0,Remove,,,주시현
RADIO,0,,,,그렇긴 해도 잘 상상이 안 가는 건 사실이다.
SCENE,0,,,,
SET,0,Event,,,discord2_yujuangry
SET,0,BG,,,namzuroom
TALK,0,서유주,,,"어, 이거 뭐야. 얘가 왜 여깄어?"
TALK,0,김남주,,,"아, 맞다. 미드미아."
SET,0,Event,,,lol_sd
TALK,0,서유주,,,아아아아악!!!!! 김남주!!!!!!
RADIO,0,,,,[아군이 당했습니다]
SET,0,Event,,,fight_sd
TALK,0,서유주,,,하
TALK,0,서유주,,,저기요?
TALK,0,서유주,,,남주씨?
TALK,0,김남주,,,네?
TALK,0,서유주,,,왜 카타리나가 우리 정글에 들어와 있죠?
TALK,0,김남주,,,그러게요.
TALK,0,서유주,,,아~ 나는 모르겠다. 남주가 캐리해주겠지.
RADIO,0,,,,[적이 학살 중입니다]
TALK,0,김남주,,,"어, 죽었다."
TALK,0,서유주,,,하......
RADIO,0,,,,[패배]
SET,0,Event,,,discord2_yujuhappy
TALK,0,서유주,,,.......
TALK,0,김남주,,,이번에도 승격 못했네
TALK,0,서유주,,,너는 그냥 거기서 살아
TALK,0,김남주,,,아쉽다. 오늘은 다이아 갈 줄 알았는데
TALK,0,서유주,,,그 말만 너 4번째 한 거 알지?
TALK,0,김남주(다이아 5수생),,,그랬나? 하하
TALK,0,서유주,,,.......
RADIO,0,,,,"대답은 돌아오지 않았다,"
RADIO,0,,,,하지만 유주 누나가 그러는 것도 이해가 되는 일이었다.
RADIO,0,,,,나의 다이아 등반 4수의 과정을 모두 유주누나가 도와줬으니 말이다.
RADIO,0,,,,다 실패했지만...
TALK,0,김남주,,,이거 좀 이상해
TALK,0,김남주,,,승격전만 되면 갑자기 상대가 잘해진다니까?
TALK,0,김남주,,,세상이 내가 다이아 못가게 억까하는 거야.
TALK,0,서유주,,,그래그래
RADIO,0,,,,나의 추한 변명에 유주누나가 영혼 없이 대답했다.
TALK,0,서유주,,,또 포인트 모아와. 그럼 도와는 줄게
TALK,0,서유주,,,칼바람이나 하고 자자.
RADIO,0,,,,.......
RADIO,0,,,,[승리]
RADIO,0,,,,다행히도 막판으로 돌린 칼바람은 원사이드로 가볍게 승리했다.
RADIO,0,,,,이 게임을 캐리한 유주 누나 입장에서 가벼웠는가는 모를 일이지만
TALK,0,서유주,,,휴~
TALK,0,서유주,,,그래도 마지막 판은 이겨서 다행이다.
TALK,0,김남주,,,버스 감사합니다~
TALK,0,서유주,,,네~
TALK,0,서유주,,,"아, 남주야"
TALK,0,서유주,,,스겜에서 롤 대회 한다는데 같이 나가볼래?
TALK,0,김남주,,,대회?
TALK,0,서유주,,,응응
TALK,0,서유주,,,"일정은 중간고사 전까지 예선, 중간 끝나고 본선."
TALK,0,서유주,,,어때?
RADIO,0,,,,
SELECT,0,8-1 +1,,,수락한다
SELECT,0,8-2 +1,,,좀 쫄린다
SCENE,0,8-1 +1,,,
SET,0,Event,,,
SET,0,Event,,,discord2_yujuhappy
SET,0,BG,,,namzuroom
RADIO,0,,,,굳이 생각할 필요도 없는 제안이었다.
RADIO,0,,,,"유주누나 실력이야 뭐 말할 것도 없고, 나도 잘한다고는 할 수 없지만 해보기 전엔 모르는 일이니"
TALK,0,김남주,,,재밌겠네
TALK,0,김남주,,,좋아. 기대된다.
SCENE,0,8-2 +1,,,
SET,0,Event,,,
SET,0,Event,,,discord2_yujuhappy
SET,0,BG,,,namzuroom
TALK,0,김남주,,,나랑?
TALK,0,서유주,,,싫어?
TALK,0,김남주,,,아니 싫은건 아닌데......
TALK,0,김남주,,,누나랑 같이 나가기는 내 실력이 모자라지 않을까
TALK,0,서유주,,,"그게 무슨 소리니, 봇치야."
TALK,0,서유주,,,괜찮아.
TALK,0,서유주,,,"너가 아무리 미아를 안치, 라인전을 지고, 다이아 5수를 하는 만년 플레 1 미드여도"
TALK,0,서유주,,,객관적으로 잘하는 편이긴 해.
TALK,0,김남주,,,.......
TALK,0,김남주,,,그거 칭찬 맞지?
RADIO,0,,,,"대답은 없었다,"
RADIO,0,,,,어쩐지 유주 누나의 표정이 보이는 듯 했다.
TALK,0,김남주,,,저기요? 서유주씨?
TALK,0,서유주,,,그래서 안나갈 거야?
TALK,0,서유주,,,안나갈 거면 강요는 안할게.
TALK,0,김남주,,,하자.
TALK,0,김남주,,,그렇게까지 말하는데 어떻게 안해.
SCENE,0,,,,
SET,0,Event,,,
SET,0,Event,,,discord2_yujuhappy
SET,0,BG,,,namzuroom
TALK,0,서유주,,,좋아. 그럼 사람 더 모아볼게.
TALK,0,서유주,,,오늘 고생했어. 내일 학교에서 봐.
TALK,0,김남주,,,"응, 오늘 재밌었어."
TALK,0,김남주,,,누나도 잘 자.
SCENE,0,,,,
SET,0,Event,,,
SET,0,BG,,,club
RADIO,0,,,,혼자 있는 동방은 언제나처럼 고요했다.
RADIO,0,,,,"워낙 방음이 잘 안 되는 곳이라서 이따금씩 지나가는 사람들 발소리나, 옆 동방 말소리가 들려오긴 했다."
RADIO,0,,,,특히 우리 옆 동방인 오타쿠 동아리는 조용할 때가 없는 것 같다.
RADIO,0,,,,"오늘도 옆에서 자꾸 ""오레노 턴!!"" 같은 소리가 반복적으로 들리는데 뭐하고 있는건지 모르겠다."
RADIO,0,,,,다음 수업 때까지 조금 잠이나 잘까...
SET,0,Member,,shiny,유하람
TALK,0,유하람,,shiny,안녕~
RADIO,0,,,,"당연히 지나치는 발소리인 줄 알았던 소리가 우리 동방 앞에 멈추더니, 무슨 생각을 할 틈도 없이 비밀번호를 누르고 들어와 버렸다."
RADIO,0,,,,"아무렇게나 헤벌레 누우려다 급하게 자세를 가다듬고 보니, 하람이 나에게 해맑게 인사를 건넸다."
TALK,0,유하람,,smile,"아, 나 신경쓰지 말고 자도 돼!"
TALK,0,김남주,,,"엇, 아니... 뭐..."
RADIO,0,,,,"이전에 개총에서 어느 정도 안면을 튼 건 맞지만, 앞에서 아무 생각 없이 헤벌레 누워있을 정도로 친하지는 않았다."
RADIO,0,,,,"나는 적당히 소파에 걸터 앉았고, 하람이는 책상 쪽에 있는 의자에 앉았다."
RADIO,0,,,,그리고는 가방에서 노트북을 세팅하고 있었다.
TALK,0,김남주,,,과제 해야 되는거야?
TALK,0,유하람,,,"아, 응! 내일까지 마감이라서."
TALK,0,김남주,,,내일 마감인데 지금 하는거면 완전 성실하네. 파이팅.
TALK,0,유하람,,shiny,고마워.
RADIO,0,,,,하람이는 밝게 웃었다.
RADIO,0,,,,참 상냥하고 친절한 애이긴 하다.
RADIO,0,,,,"그래도 사실, 혼자인 동방이 더 편하긴 한데 말이야."
RADIO,0,,,,물론 이름부터 '동아리방'이듯이 혼자 쓰는 공간이 아니니까 이런 불평은 하면 안되겠지.
RADIO,0,,,,"차라리 저번에 밥 먹었을 때, 시현 누나가 말했던 것처럼 쟤랑 친해지기라도 하면 좋을 것 같다."
TALK,0,유하람,,idle,난 이어폰 좀 끼고 있을게.
RADIO,0,,,,한창 열심히 과제를 하던 하람이가 내 쪽을 슥 돌아보며 얘기했다.
RADIO,0,,,,사실 그런건 얘기 안 해줘도 되는데.
RADIO,0,,,,그래도 같은 공간에서 투명인간 취급 받지 않는 느낌이라 조금은 기분이 좋았다.
RADIO,0,,,,"듣고 싶은 노래를 찾는 건지, 하람이의 손가락이 바쁘게 움직이고 있었다."
RADIO,0,,,,그럼 나도 그냥 이어폰 끼고 노래나 듣고 있을까.
SET,0,Event,,,haram_music
TALK,0,유하람,,surprised,악! 깜짝아!
RADIO,0,,,,순간 엄청나게 선명한 악기 소리가 머릿속을 강타했다.
RADIO,0,,,,하람이의 핸드폰이었다.
RADIO,0,,,,"얘도 정말 놀랐는지, 평소에 들어본 적 없었던 큰 목소리로 비명을 질렀다."
RADIO,0,,,,나도 입 밖으로 소리를 내지 않았지만 몸을 흠칫 떨었다.
RADIO,0,,,,"보였으려나, 좀 꼴사나운데."
TALK,0,유하람,,,"으아아아... 미안해, 잠깐만, 얼른 끌게."
RADIO,0,,,,하람이는 엄청 허둥지둥 핸드폰을 만져댔다.
SET,0,Event,,,
TALK,0,유하람,,disappointed,"아... 많이 놀랐지, 미안해."
RADIO,0,,,,"기분 탓인가, 하람이 얼굴도 조금 붉어진 것 같았다."
RADIO,0,,,,"근데, 처음에는 순전히 큰 소리 때문에 당황했지만, 다시 생각해보니 들리는 선율 자체가 조금 당황스러웠다."
RADIO,0,,,,하람이가 이 노래를 안다고?
RADIO,0,,,,여태까지 학교 다니면서 이 밴드를 아는 사람을 본 적이 없는데?
TALK,0,김남주,,,"아냐, 괜찮아, 근데 말이야."
TALK,0,유하람,,idle,으...응?
RADIO,0,,,,"하람이는 별로 동아리방에 있고 싶지 않아졌는지, 과제 하던 노트북을 급하게 덮어버리고 가방에 넣고 있었다."
TALK,0,김남주,,,너 Afterglow를 알아?
RADIO,0,,,,"순간, 황급히 자리를 치우던 하람이의 손이 멈췄다."
RADIO,0,,,,그리고는 천천히 나를 돌아봤다.
RADIO,0,,,,원래도 동그란 하람이의 눈이 어느때보다도 동그래져 있었다.
TALK,0,유하람,,,세상에... 너도 Afterglow 알아?
RADIO,0,,,,"한껏 들뜬 것을 꾹꾹 눌러담은 목소리로 말한 하람이는, 내가 한번도 본 적 없는 표정을 짓고 있었다."
TALK,0,유하람,,shiny,그니까... 이 노래가 전설이라니까?
RADIO,0,,,,동방을 나가려던 하람이는 어느새 내 옆에 붙어앉아 이런저런 얘기들을 하기 시작했다.
RADIO,0,,,,"아까 하람이 핸드폰에서 나왔던 음악은 '산다화'라는 곡인데, 그 곡부터 시작해서 지금 벌써 몇 개의 곡에 대해 얘기했는지 모르겠다."
TALK,0,유하람 ,,smile,"세상에, 학교에서 이 밴드 아는 사람을 본 적이 없었는데."
TALK,0,김남주,,,나도. 아무래도 완전 인디밴드라서
TALK,0,유하람,,shiny,"하, 다들 진짜 좋은게 뭔지 모른다니까."
SET,0,Remove,,smile,유하람
TALK,0,유하람,,smile,"앗, 방금 조금 홍대병 같았나."
RADIO,0,,,,
SELECT,0,유하람 +10,,,조금은? 
SELECT,0,유하람 +20,,,별로? 너는 얘네가 덜 유명해서 좋아하는 건 아니잖아.
SET,0,Member,,shiny,유하람
TALK,0,유하람,,shiny,"아하하, 그렇긴 해."
SET,0,Remove,,,유하람
RADIO,0,,,,"그러면서, 문득 시현 누나가 했던 한 마디가 머릿속에 스쳐지나갔다."
SCENE,0,과거회상,,,
SET,0,Member,,,주시현
TALK,0,주시현,,,그래? 난 너네 둘 되게 금방 친해질 것 같았는데.
SET,0,Member,,smile,유하람
TALK,0,유하람,,smile,그래서? 너가 제일 좋아하는 노래는 뭐야?
TALK,0,김남주,,,나는 이거랑...
TALK,0,유하람,,shiny,"아!!! 맞지, 맞지!! 뭘 좀 아네!!"
RADIO,0,,,,"하람은 내가 다 말을 끝내기도 전에 이런 얘기, 저런 얘기들을 덧붙였다."
SET,0,Remove,,smile,유하람
TALK,0,유하람,,smile,이 곡은 2017년 XX라이브 하우스에서 했던 라이브가 넘사벽이라고 생각해.
RADIO,0,,,,
SELECT,0,유하람 +0,,,오... 너 진짜구나.
SELECT,0,유하람 +10,,,"우와, 너 엄청 진심을 다해 좋아하는구나."
SET,0,Member,,disappointed,유하람
TALK,0,유하람,,disappointed,"뭐야, 나무 오타쿠 보는 눈으로 보지 말아줄래?"
TALK,0,유하람,,,너도 지금 다 알아듣고 있잖아
TALK,0,김남주,,,"아하하, 그렇긴 하지."
RADIO,0,,,,"하람이는 조금은 뾰루퉁한 표정으로 나를 보더니, 눈이 마주치니 작게 킬킬댔다."
RADIO,0,,,,얘한테 이런 면도 있었구나.
RADIO,0,,,,"뭐랄까, 원래 당연히 사람인 애한테 이런 말은 좀 실례지만, 정말로 '인간' 유하람을 오늘 비로소 만난 느낌이었다."
RADIO,0,,,,우리는 그 후로도 거의 한 시간 가까이 우리가 좋아하는 밴드의 이것저것에 대해 이야기했다.
TALK,0,유하람,,disappointed,아... 벌써 수업이라니. 이럴 때만 시간이 빨리 간다니까.
SET,0,Remove,,,유하람
RADIO,0,,,,하람이는 툴툴대며 가방을 챙겼다.
RADIO,0,,,,
SELECT,0,유하람 +20,,,앞으로도 동방 자주 와줘. 같이 밴드 얘기 하자.
SELECT,0,유하람 +10,,,"그러게, 수업 파이팅."
SET,0,Member,,shiny,유하람
TALK,0,유하람,,shiny,응! 그래.
RADIO,0,,,,그렇게 하람이를 보내려던 찰나에 문득 머릿속에 어떤 정보가 스쳐지나갔다.
TALK,0,김남주,,,"근데, 너 이번 콘서트 티켓팅 할거야?"
TALK,0,유하람,,surprised,맞아! 당연히 해야지!
TALK,0,유하람,,smile,그 때가 수업 끝나자마자여서 학교 근처에서 제일 빠른 PC방도 알아놨는걸?
TALK,0,김남주,,,아 진짜? 혹시 괜찮으면 같이 할까?
TALK,0,유하람,,shiny,완전 좋아!! 그러면 나중에 연락할게!
TALK,0,김남주,,,응~ 나중에 연락하자.
SET,0,Remove,,,유하람
RADIO,0,,,,하람이는 밝고 명량한 표정 그대로 동방을 떠나갔다.
RADIO,0,,,,와... 마치 한 차레 폭풍이 몰아치고 간 것 같다.
RADIO,0,,,,이렇게 신나서 몰두해서 떠든 게 얼마만이었지?
RADIO,0,,,,앞으로는 혼자 있는 동방만큼이나 하람이가 있는 동방을 기다리게 될 것 같다.
SCENE,0,,,,
SET,0,Event,,,discord5_yujuangry
SET,0,BG,,,namzuroom
RADIO,0,,,,어쩌다 이렇게 된걸까.
SET,0,Event,,,
SET,0,BG,,,class
RADIO,0,,,,<1주일 전>
SET,0,Member,,funny,서유주
TALK,0,서유주,,funny,"야, 남주야! 우리 팀원 결정났어!"
TALK,0,서유주,,,우리 탑 봐. 전 시즌 마스터야.
SET,0,Remove,,,서유주
TALK,0,서유주,,,"와, 나 방금 우승하는 상상함"
SET,0,BG,,,namzuroom
RADIO,0,,,,분명 그랬었는데
RADIO,0,,,,왜 지금 그 전 시즌 마스터랑 유주 누나가 싸우고 있는 걸까?
SET,0,Event,,,discord5_yujuangry
TALK,0,CVMIN(전 시즌 마스터),,,정글님
TALK,0,CVMIN(전 시즌 마스터),,,여기서 싸움을 왜 건거에요?
TALK,0,서유주,,,"그, 그건 우리 팀원들 합류가 더 빠르고......"
TALK,0,서유주,,,어.....
TALK,0,CVMIN,,,봐요. 본인도 지금 대답을 못하고 있잖아.
TALK,0,CVMIN,,,"우리가 게임을 이기느냐 못 이기느냐의 분기점이 여기였는데, 이 잘못된 싸움 하나로 우리가 진거에요."
RADIO,0,,,,스크림을 했다.
RADIO,0,,,,우리가 졌다.
RADIO,0,,,,상대 팀이 우리 팀보다 뛰어났냐고 물으면 그것은 아니었다.
RADIO,0,,,,"평균 티어도 우리가 높았고, 개개인의 실력도 우리가 더 뛰어났다."
TALK,0,서유주,,,그렇다고 말하기에는 탑님도 여기서 죽으면 안됐죠.
TALK,0,서유주,,,상대 정글이 위쪽에 있는거 핑 찍혔잖아요.
TALK,0,CVMIN,,,아니죠 정글님. 이건 제가 라인전 공격적으로 하면서 상대 정글을 계속 빨아들인거죠
TALK,0,CVMIN,,,상대 정글이 계속 오는데 그걸 다 흘려낸 거잖아요.
RADIO,0,,,,그렇다면 우리가 진 이유.
RADIO,0,,,,팀합이 더럽게 안맞다.
TALK,0,서유주,,,"그러니까 공격적으로 플레이 하는 건 알겠는데, 플레이가 너무 자기중심적이잖아요."
TALK,0,서유주,,,제가 모든 라인을 커버할 수 있는 것도 아니고 어떻게 탑 중심으로만 게임해요
TALK,0,서유주,,,그리고 같은 투자 받았을 때 요즘 메타에서 바텀이 캐리력 더 높은 것도 아시잖아요
TALK,0,CVMIN,,,일반적으로 그 말이 맞죠.
TALK,0,CVMIN,,,하지만 지금 게임에서도 그걸 공식처럼 적용하는 게 맞을까요?
TALK,0,CVMIN,,,바텀이 저렇게 망했는데 억지로 풀려고 하는 것보다는 그나마 라인전을 이기고 있는 탑에서 게임을 풀어나가는게 맞지 않나요?
RADIO,0,,,,나를 포함한 바텀 듀오는 저 둘의 기세에 눌려 아무 말도 못하고 있었다.
RADIO,0,,,,둘의 의견 충돌은 점점 격해져만 갔다.
RADIO,0,,,,이러다가 서로 감정이 상할 수도 있을 것 같은데...
RADIO,0,,,,
SELECT,0,10-0-1 +1,,,둘을 말린다
SELECT,0,10-0-2 +1,,,나는 고래밥 싸움에 끼어든 새우깡
SCENE,0,10-0-1 +1,,,
SET,0,Event,,,
SET,0,Event,,,discord5_yujuangry
SET,0,BG,,,namzuroom
TALK,0,김남주,,,"잠시만, 잠시만."
TALK,0,김남주,,,"우리 지금 너무 과열된 것 같은데, 조금만 진정을 해보자."
TALK,0,서유주,,,.......
TALK,0,서유주,,,응 그래.
TALK,0,CVMIN,,,네.
TALK,0,김남주,,,지금 이렇게 하면 끝도 없을 것 같은데 일단 오늘은 여기서 마무리하는게 어떨까요?
TALK,0,서유주,,,그래. 그게 좋겠다.
TALK,0,서유주,,,혹시 괜찮으실까요?
TALK,0,CVMIN,,,"네, 머리 식히고 다른 날 얘기해보도록 해요."
SCENE,0,10-0-2 +1,,,
SET,0,Event,,,
SET,0,Event,,,discord5_yujuangry
SET,0,BG,,,namzuroom
RADIO,0,,,,말싸움은 점점 길어져갔다.
RADIO,0,,,,이미 게임의 피드백과는 관계없는 말다툼이 되어버린 둘의 대립에 모두가 점점 지쳐가는 것이 느껴졌다.
TALK,0,팀원 1,,,저... 혹시 계속 하실거면 저는 먼저 들어가도 될까요?
TALK,0,서유주,,,앗
TALK,0,서유주,,,죄송합니다. 너무 저희 할 말만 했네요.
TALK,0,CVMIN,,,후... 저희 오늘은 여기까지 할까요?
TALK,0,서유주,,,네... 고생하셨습니다.
SCENE,0,,,,
SET,0,Event,,,
SET,0,Event,,,discord5_yujuangry
SET,0,BG,,,namzuroom
TALK,0,전원,,,고생하셨습니다.
SET,0,Event,,,
RADIO,0,,,,그렇게 우리는 피드백을 마무리하고 디스코드를 껐다.
RADIO,0,,,,잠시 의자에 기대 눈을 감아 오늘 피드백들을 정리해본다.
RADIO,0,,,,뭔가 찝찝한 기분이 든다.
RADIO,0,,,,
SELECT,0,10-1-1 +1,,,유주 누나한테 연락한다.
SELECT,0,10-1-2 +1,,,그냥 씻고 발닦고 잠이나 자자.
SCENE,0,10-1-1 +1,,,
SET,0,BG,,,namzuroom
RADIO,0,,,,나는 유주누나에게 디스코드 DM을 보냈다.
RADIO,0,,,,
SELECT,0,10-1-1-1 +1,,,생각해보니 CVMIN이 했던 말이 맞았던 것 같다고 보낸다.
SELECT,0,"10-1-1-2 +1,서유주 +10",,,괜찮냐고 물어본다.
SCENE,0,10-1-1-1 +1,,,
SET,0,BG,,,namzuroom
RADIO,0,,,,아무리 생각해도 게임을 진 건 바텀에서 무리하게 싸움을 한 게 맞는 것 같다.
RADIO,0,,,,지금 메타가 바텀 캐리 메타라고 해도 바텀에 너무 많은 시간을 투자한 것도 에러였던 것 같고
RADIO,0,,,,그에비하면 탑에서 갱을 당해 죽은 것 정도는 게임의 대세에 지장 없는 일이었다.
RADIO,0,,,,나는 이번 게임에서 문제라고 생각됐던 부분들을 정리해 장문의 DM을 보냈다.
RADIO,0,,,,글에서 유주 누나의 비중은 생각보다 많았다.
RADIO,0,,,,......
RADIO,0,,,,......
RADIO,0,,,,DM을 보내고 씻고오니 답장이 와있었다.
TALK,0,서유주,,,이딴 거 보내지 말고 잠이나 자.
RADIO,0,,,,어쩐지 날이 선 듯한 누나의 답장에 나는 고개를 갸웃거렸다.
RADIO,0,,,,누나를 위해 피드백을 해줬는데 왜 기분이 나빠보일까?
RADIO,0,,,,"생각해도 답이 나오지 않아, 그냥 누나 말대로 잠이나 자기로 했다."
SCENE,0,10-1-1-2 +1,,,
SET,0,BG,,,namzuroom
RADIO,0,,,,"둘이 말싸움을 한 것은 맞지만, 사실 대등한 싸움이 아니었다."
RADIO,0,,,,누가 봐도 유주 누나의 논리가 CVMIN의 논리보다 빈약했다.
RADIO,0,,,,객관적으로 봐도 유주 누나의 패배 지분이 더 높기도 했다.
RADIO,0,,,,유주 누나도 나름 게임 보는 눈이 있는 사람이다.
RADIO,0,,,,자기 자신도 분명 그것을 알고 있었을 것이다.
TALK,0,김남주,,,"누나, 괜찮아?"
TALK,0,김남주,,,아까 멘탈 나가 보이던데.
RADIO,0,,,,답장은 바로 오지 않았다.
RADIO,0,,,,답장을 기다리기보다는 씻고 잘 준비부터 하기로 했따.
RADIO,0,,,,.......
RADIO,0,,,,.......
RADIO,0,,,,씻고 오니 유주 누나에게 답장이 와있었다.
TALK,0,서유주,,,"아냐, 괜찮아."
TALK,0,서유주,,,지금 리플레이를 돌려보고 있는데 CVMIN님이 했던 말이 맞는 것 같아.
TALK,0,서유주,,,사실 나도 내가 못한 걸 알고 있었는데 인정하기 싫었나봐.
TALK,0,서유주,,,걱정해줘서 고마워 ㅎㅎ
RADIO,0,,,,다행히도 누나의 기분이 많이 상한 것 같지 않았다.
RADIO,0,,,,나는 살짝 미소지으며 답장에 엄지척 이모지로 공감한 뒤 잠을 청하기로 했다.
SCENE,0,10-1-2 +1,,,
SET,0,BG,,,namzuroom
TALK,0,김남주,,,아 피곤하네 잠이나 자자..
SCENE,0,,,,
SET,0,BG,,,namzuroom
RADIO,0,,,,.......
SCENE,0,,,,
SET,0,BG,,,namzuroom
RADIO,0,,,,"핸드폰에 알림이 와서 확인을 해보니, 하람이었다."
RADIO,0,,,,"저번에 동방에서 하람이와 서로 음악 취향을 확인한 이후로, 하람이는 이따금씩 밴드 관련된 얘기로 톡을 보내오곤 했다."
RADIO,0,,,,"오늘도 비슷한 내용이겠거니, 생각하고 확인해보니 희한하게 유튜브 링크가 아니라 무슨 블로 링크를 보내왔다."
RADIO,0,,,,까먹기 전에 써보는 예스 25 티켓팅 후기 및 티켓팅 팁
RADIO,0,,,,아... 뭔가 했다.
TALK,0,유하람(메시지),,,이미 알고 있겠지만 혹시나 해서 보내놓을께!
TALK,0,유하람(메시지),,,그리고 진짜 운 좋게 티켓팅 직전 수업이 내일 교수님 사정으로 휴강이어서
TALK,0,유하람(메시지),,,괜찮으면 아예 신촌으로 이동하자. 학교 근처 피방은 수강신청이 좋은거지 티켓팅은 모르겠더라.
RADIO,0,,,,
SELECT,0,유하람 +20,,,ㅋㅋㅋㅋㅋㅋ 아는 정도가 아니라 몸에 뱄지. 그래 그럼 내일 빨잠에서 보면 될까?
SELECT,0,유하람 +10,,,찾아봐줘서 고마워! 정독하고 갈게. 그럼 내일 빨잠에서 보면 될까?
TALK,0,유하람(메시지),,,그래! 그럼 5시반에 빨잠에서 만나자. 내일봐 :)
TALK,0,김남주(메시지),,,"응, 내일 보자."
RADIO,0,,,,"내일 보자는 내 답장에, 하람이는 작은 하트를 공감표시로 남겨주었다."
RADIO,0,,,,평소에 친구들이랑 톡할 때는 못 보던 표시.
RADIO,0,,,,나는 잠깐 그 하트를 바라보다가 이내 톡을 껐다.
SET,0,BG,,,pc_room
SET,0,Member,,idle,유하람
RADIO,0,,,,우리는 약속한대로 빨잠 앞에서 만나서 하람이가 찾아놓은 PC방으로 갔다.
TALK,0,유하람 ,,,"휴, 20분 남았다."
TALK,0,김남주,,,"""왜 주변에는 이 밴드를 아는 친구도 없는데 늘 티켓팅은 박터질까."
TALK,0,유하람,,surprised,내 말이!!!
RADIO,0,,,,하람이는 엄청 공감된다는 듯 책상을 주먹으로 콩콩 두들기며 얘기했다.
RADIO,0,,,,언젠가 저런 모습과 비슷한 느낌의 동물짤을 인터넷에서 본 것 같다는 생각이 들었다.
RADIO,0,,,,가끔 보면 애가 키나 체구가 작은 편은 아닌데 하는 짓은 아기자기한 것 같기도 하고...
TALK,0,유하람,,disappointed,...왜 빤히 쳐다봐?
TALK,0,김남주,,,"어, 아냐."
RADIO,0,,,,"뭐지, 나도 모르게 빤히 쳐다보고 있었나보다."
RADIO,0,,,,나는 황급히 컴퓨터 모니터 쪽으로 고개를 돌리고는 이리저리 마우스를 만지작댔다.
RADIO,0,,,,다행히 하람이가 이쪽을 보고 있지 않은 것 같다.
RADIO,0,,,,귀가 조금 후끈한 느낌이 드는데 기분탓이었으면 좋겠다.
TALK,0,유하람,,idle,"자, 다시 짚어보자. 팝업 해제도 미리 해뒀고."
TALK,0,김남주,,,응
TALK,0,유하람,,,무통장 입금 가능한 것 맞고.
TALK,0,김남주,,,응
TALK,0,유하람,,,서버시간도 맞는 것 같고.
TALK,0,유하람,,,그리고 얘는 새로고침 필요한 예매 페이지니까 59에서 정각 넘어가는 그 아슬아슬한 타이밍에... 잘! 누르면 되고.
TALK,0,김남주,,,응
TALK,0,유하람,,,그리고 스탠딩인데 번호가 입장순서니까 최대한 앞번호를 누르면 되고.
TALK,0,김남주,,,너랑 나랑 선택한 번호 중에 더 앞번호 사람 걸로 결제하면 될 것 같아.
TALK,0,유하람,,shiny,그래그래! 좋아! 완벽해!
TALK,0,유하람,,idle,이제 10분 남았다.
RADIO,0,,,,하람이는 정말 비장한 표정으로 컴퓨터를 쳐다보았다.
RADIO,0,,,,꼭 모니터 속으로 빨려들어갈 기세였다.
RADIO,0,,,,서버시간을 유심히 보면서 1분마다 한 번씩 새로고침을 누르고 있었다.
RADIO,0,,,,그 비장한 모습을 지켜보며 어째선지 조금 웃음이 나오는 것 같았다.
TALK,0,"유하람, 김남주",,,57!
TALK,0,"유하람, 김남주",,,58!
TALK,0,"유하람, 김남주",,,59!
TALK,0,유하람,,surprised,지금!
RADIO,0,,,,정각이 되고 예매창이 열렸다.
RADIO,0,,,,다행히 사이트가 터지거나 그러지는 않았다.
TALK,0,유하람,,idle,휴... 당황하지 말고.
RADIO,0,,,,우리 둘 다 어느 정도 경력자라서 티켓팅은 다행히 순조롭게 진행됐다.
TALK,0,유하람,,smile,"아, 나 300번대! 너는?"
TALK,0,김남주,,,나 100번대.
TALK,0,유하람,,surprised,와 진짜?? 너 엄청 금손이다!
RADIO,0,,,,"하람이는 자기 자리는 팽개치더니, 내 뒤로 와서 같이 모니터를 보기 시작했다."
TALK,0,김남주,,,결제한다?
TALK,0,유하람,,shiny,응응! 지금 바로 돈 보낼게. 진짜 고마워!!
RADIO,0,,,,제대로 무통장입금으로 선택하고 결제까지 하니 예매가 확정됐다.
RADIO,0,,,,하람이 쪽을 슥 돌오보니 엄청나게 행복해하는 표정을 짓고 있었다.
TALK,0,유하람,,smile,보냈어!
TALK,0,김남주,,,"어, 고마워."
TALK,0,유하람,,shiny,나야말로 진짜 고맙지!
RADIO,0,,,,하람이는 내가 남자만 아니었어도 나를 와락 껴안을 듯한 기세였다.
RADIO,0,,,,"거의 발을 동동 구르며 행복해하는 모습을 보니, 뭔가 내가 엄청난 일을 해낸 것 같은 느낌도 들었다."
RADIO,0,,,,요근래 제일 뿌듯한 것 같다.
SET,0,BG,,,shinchon_yoru
TALK,0,유하람,,shiny,와~ 진짜 최고로 행복해. 그리고 눈 뻑뻑해.
RADIO,0,,,,
SELECT,0,"11-1 +1,유하람 +0",,,"하긴, 너 모니터에 빨려들어가는 줄 알았어."
SELECT,0,"11-2 +1,유하람 +10",,,"아이고, 인공눈물 같은 거 써야하는 거 아냐?"
SCENE,0,11-1 +1,,,
TALK,0,유하람,,,"아하하, 진짜 집중해서 하긴 했지."
SCENE,0,11-2 +1,,,
TALK,0,유하람,,,아! 그러네. 가방에서 찾아봐야겠다.
SCENE,0,,,,
TALK,0,유하람,,idle,혹시 렌즈샵 좀 잠깐 들려도 될까?
TALK,0,김남주,,,렌즈? 아 너 렌즈 낀거야?
TALK,0,유하람,,,응! 이거 내 눈 아니야.
TALK,0,김남주,,,어... 그렇구나.
RADIO,0,,,,순간 하람이가 너무 밝은 목소리로 '내 눈 아니야'라는 말을 외쳐서 조금 당황스러웠다.
TALK,0,김남주,,,렌즈가 좀 더 편해?
TALK,0,유하람,,,음... 일단 나는 안경이 별로 안 어울리는 것 같아서 끼긴 하는데.
TALK,0,유하람,,smile,눈이 좀 건조해지기도 하지만 그래도 겨울에는 확실히 편해!
RADIO,0,,,,"평소에 맨날 안경만 끼고 렌즈는 생각해 본 적도 없는데, 조금은 호기심이 생겼다."
RADIO,0,,,,이런저런 생각을 하는 사이 벌써 가게에 도착했다.
SET,0,BG,,,lenz
TALK,0,점원,,,어서오세요.
TALK,0,유하람,,smile,안녕하세요. 여기 혹시...
RADIO,0,,,,하람이는 렌즈샵이 익숙한 지 무언가 둘러보지도 않고 바로 점원에게 필요한 것을 요청했다.
RADIO,0,,,,반면 나는 이곳이 처음이라 이것저것 기웃거렸다.
RADIO,0,,,,보니까 렌즈도 이것저것 종류가 정말 많은 것 같다.
RADIO,0,,,,뭐 렌즈별로 많이 다른가? 봐도 잘 모르겠다.
TALK,0,유하람,,idle,너는 렌즈 껴본 적 없어?
TALK,0,김남주,,,응. 뭐 딱히 껴볼 생각을 안 해봤었어.
TALK,0,유하람,,smile,그래? 안경 한 번 벗어봐.
TALK,0,김남주,,,"응, 잠깐만."
RADIO,0,,,,나는 슬며시 안경을 내리고 하람이를 쳐다봤다.
SET,0,Event,,,haram_surprised
RADIO,0,,,,"내 안경이 도수가 높은만큼, 확실히 안경을 내리니까 세상이 좀 흐릿해 보인다."
RADIO,0,,,,저번에 안경 맞출 때보다 눈이 더 나빠졌나?
RADIO,0,,,,하람이 얼굴도 조금 흐릿하게 보인다.
TALK,0,유하람,,,어... 너 안경 도수가 되게 높았구나.
RADIO,0,,,,하람이는 조금 중얼거리는 듯한 말투로 얘기했다.
TALK,0,김남주,,,응. 눈이 되게 안 좋아서.
TALK,0,유하람,,,"와, 근데 너 안경 벗은 거 되게 잘 어울려."
SET,0,Event,,,
TALK,0,유하람,,,주변 친구들도 그렇게 말하지 않아?
TALK,0,김남주,,,글...쎄? 걔네도 딱히 내가 안경 벗은 걸 본 적이 없을걸?
TALK,0,유하람,,,이야... 얼굴이 아깝다. 아까워. 내가 너였으면 절대로 렌즈 끼고 다녔어.
RADIO,0,,,,
SELECT,0,유하람 +10,,,그래? 고마워.
SELECT,0,유하람 +20,,,으응... 그렇구나
RADIO,0,,,,갑자기 밀려오는 과한 칭찬에 어떻게 반응해야 할 지 모르겠다.
RADIO,0,,,,"귀가 확 붉어지는 느낌이 들었는데, 아 제발. 하람이가 고개 좀 돌려줬으면 좋겠다."
RADIO,0,,,,나는 우물쭈물하다가 다시 안경을 끼고는 주변 렌즈들을 살피는 척을 했다.
SET,0,BG,,,lenz
SET,0,Remove,,smile,유하람
RADIO,0,,,,"정확히는 안 보이지만, 하람이가 슬며시 웃고 있는 것 같았다."
SCENE,0,,,,
SET,0,BG,,,coffeebreak
TALK,0,서유주,,,여보세요?
TALK,0,김남주,,,여보세요?
TALK,0,김남주,,,"누나, 어디야?"
TALK,0,서유주,,,나 2층에서 화장실쪽에 있는 테이블.
TALK,0,김남주,,,잠시만....
TALK,0,김남주,,,"아, 찾았다."
RADIO,0,,,,시험기간의 커피 브레이크는 사람들로 북적거렸다.
RADIO,0,,,,사람들은 곳곳에 커피 한 잔을 주문해두고 노트북과 태블릿에 머리를 박고 있었다.
RADIO,0,,,,물론 지금부터 나도 그렇게 될 예정이다.
SET,0,Member,,idle,서유주
TALK,0,김남주,,idle,"와, 사람 진짜 많다."
TALK,0,서유주,,,아무래도 시험기간이다 보니까.
TALK,0,김남주,,,용케도 좋은 자리를 잡았네.
TALK,0,서유주,,cool,"훗, 기본이지."
TALK,0,서유주,,,음료 주문은 했어?
TALK,0,김남주,,,"응, 잠깐 갔다 올게."
TALK,0,서유주,,,"응응, 갔다와."
RADIO,0,,,,...
TALK,0,서유주,,funny,넌 정말 한결같이 바닐라 라떼만 먹는 구나.
TALK,0,김남주,,,그냥 커피는 써서 싫단 말야.
TALK,0,서유주,,,아아의 고소한 감칠맛을 모르다니.
TALK,0,서유주,,,아직 애기네.
TALK,0,김남주,,,"뭐래, 1살 차이밖에 안나면서."
TALK,0,서유주,,,너가 내 나이 돼봐. 커피맛을 알게 된다니까?
TALK,0,김남주,,,네네~
RADIO,0,,,,잠깐의 시답잖은 농담을 하며 나는 태블릿을 꺼냈다.
TALK,0,서유주,,idle,너는 오늘 뭐 공부할거야?
TALK,0,김남주,,,... 이산구조.
RADIO,0,,,,유주 누나의 질문에 나는 굳은 얼굴로 대답했다.
RADIO,0,,,,그도 그럴 것이 수업을 안들었기 때문이다.
RADIO,0,,,,심지어 교수님도 과에서 족보가 없기로 악명높은 교수님이라 어떻게 공부를 해야할지 막막한 상황이었다.
TALK,0,서유주,,disappointed,아......
RADIO,0,,,,유주 누나는 괜한 걸 물어봐서 미안하다는 듯한 표정을 지었다.
RADIO,0,,,,유주 누나는 짝수 학번이라 신임 교수님께 수업을 듣는다.
RADIO,0,,,,작년이었다면 같이 들었을텐데. 괜히 배가 아파온다.
TALK,0,김남주,,idle,뭐 어쩌겠어.
TALK,0,김남주,,,그래도 시험은 교재랑 똑같이 나온다니까 교재나 잘 외워야지.
TALK,0,김남주,,,누나는 오늘 무슨 공부해?
TALK,0,서유주,,,나는 오늘 컴프2랑 미적분 하려고
TALK,0,서유주,,,혹시 모르는 거 있으면 물어봐도 돼?
TALK,0,김남주,,,당연하지. 편하게 물어봐.
RADIO,0,,,,...
TALK,0,서유주,,somethingwrong,"남주야, 혹시 잠시 봐줄 수 있어?"
TALK,0,김남주,,,"그래, 어디 봐."
TALK,0,서유주,,,"미적분인데,"
TALK,0,서유주,,,여기 이 부분에서 이중 적분 적분 순서를 잡는 게 헷갈려.
TALK,0,서유주,,,이게 어떤 걸 기준으로 먼저 적분을 해야하는 지 잘 모르겠어.
TALK,0,김남주,,,그러니까 이걸 그래프로 그려서 보면 영역이.....
RADIO,0,,,,......
TALK,0,서유주,,,남주야... 자꾸 물어봐서 미안한데....
TALK,0,김남주,,,응? 아냐아냐 괜찮아.
TALK,0,서유주,,,컴프 상속 부분에서 이 코드 출력이 왜 이렇게 나오는지 모르겠어.
TALK,0,김남주,,,잠시만....
TALK,0,김남주,,,그러니까 생성자는 부모에서 먼저 호출이 되고....
SET,0,Remove,,,서유주
RADIO,0,,,,...
SET,0,Event,,,sleeping_cafe
RADIO,0,,,,시간이 꽤나 지났다.
RADIO,0,,,,"유주 누나는 잠시 눈을 붙이겠다고 하며 잠시 책상에 엎드려 있었고, 나도 지쳤는지 살짝 어지러운 느낌이었다."
RADIO,0,,,,잠깐 휴대폰을 켜 시간을 보니 저녁 때가 다 되어가고 있었다.
RADIO,0,,,,나는 유주 누나를 깨웠다.
RADIO,0,,,,누나도 피곤했는지 자고 있으면서도 표정이 굳은 듯 했다.
SET,0,Event,,,
SET,0,Member,,idle,서유주
TALK,0,김남주,,idle,"누나, 누나."
TALK,0,서유주,,,"어? 어? 으, 응."
RADIO,0,,,,누나는 깜짝 놀라며 잠에서 깼다.
TALK,0,서유주,,,나 많이 잤나?
TALK,0,김남주,,,"아니, 얼마 안잤어."
TALK,0,서유주,,,휴우…
RADIO,0,,,,누나는 휴대폰을 들어 시간을 확인하고 한숨을 쉬었다.
RADIO,0,,,,그리고 부스스해진 머리를 정리했다.
TALK,0,김남주,,,"누나, 오늘은 여기까지만 할까?"
TALK,0,서유주,,,"응, 그러자."
SET,0,BG,,,Frontdoor_yoru
RADIO,0,,,,우리는 짐을 챙겨 밖으로 나왔다.
RADIO,0,,,,10월이 갓 넘어가기 시작한 날의 공기는 살짝 서늘해져 있었다.
RADIO,0,,,,무거울 정도로 습했던 공기도 어느새 가볍고 바삭하게 건조해져 기분이 좋았다.
TALK,0,서유주,,funny,하~ 살 것 같다.
RADIO,0,,,,누나는 건물 밖으로 나와 짧게 기지개를 폈다.
RADIO,0,,,,가을 바람에 누나의 짧은 머리카락이 흔들렸다.
TALK,0,서유주,,,그래도 좀 자니까 낫네.
TALK,0,서유주,,,남주야. 너는 이제 뭐해?
SET,0,Remove,,,서유주
TALK,0,김남주,,,나는....
RADIO,0,,,,
SELECT,0,12-1 +1,,,집에 갈 것 같아.
SELECT,0,12-2 +1,,,이 주변에서 저녁 먹고 들어갈 것 같아.
SCENE,0,12-1 +1,,,
SET,0,BG,,,Frontdoor_yoru
SET,0,Member,,idle,서유주
TALK,0,김남주,,idle,아마 집가서 저녁 먹을 것 같은데?
TALK,0,서유주,,,아 그래?
TALK,0,서유주,,funyy,그럼 여기서 헤어져야겠네.
SET,0,Remove,,,서유주
TALK,0,서유주,,,조심해서 들어가~
SCENE,0,12-2 +1,,,
SET,0,BG,,,Frontdoor_yoru
SET,0,Member,,idle,서유주
TALK,0,김남주,,idle,음... 이 주변에서 저녁을 먹고 들어갈 것 같은데
TALK,0,서유주,,,"어, 그럼 같이 먹을래?"
TALK,0,김남주,,funny,좋지.
TALK,0,김남주,,,뭐 먹지?
TALK,0,서유주,,,마쌈 갈래?
TALK,0,김남주,,,고고
SET,0,BG,,,mapossam
TALK,0,서유주,,,너 계란 잘 굽더라.
TALK,0,김남주,,,"에이, 자취생이면 이정도는 해야지"
TALK,0,서유주,,,너 생각보다 잘하는 게 많다?
TALK,0,서유주,,,"공부도 잘하고, 뭔가 요리도 잘하는 것 같고. 게임만 잘하면 되겠네."
TALK,0,김남주,,,"습, 그게 무슨 소리야."
TALK,0,서유주,,,"크크, 농담이야."
TALK,0,서유주,,,나도 누굴 평가할 수준은 아니지만 너 잘해.
TALK,0,서유주,,,내가 봤을 땐.
SET,0,Remove,,,서유주
RADIO,0,,,,그렇게 말하는 유주 누나의 목소리는 어딘가 그늘진 듯 했다.
RADIO,0,,,,
SELECT,0,"12-2-1 +1,서유주 +10",,,은근슬쩍 떠본다.
SELECT,0,"12-2-2 +1,서유주 +0",,,내 착각이겠거니하며 적당히 웃어넘긴다.
SCENE,0,12-2-1 +1,,,
SET,0,Member,,idle,서유주
TALK,0,김남주,,idle,그게 무슨 말이야. 갑자기?
SET,0,BG,,,mapossam
RADIO,0,,,,나는 웃으며 유주 누나에게 되물었다.
RADIO,0,,,,유주 누나와 눈이 마주쳤다.
TALK,0,서유주,,,...
TALK,0,서유주,,,"하하, 아냐."
RADIO,0,,,,유주 누나는 눈을 피했다.
TALK,0,서유주,,,...
TALK,0,서유주,,,사실 이번 과목들이 나한테 좀 어렵거든
TALK,0,서유주,,,아까 너한테 너무 많이 물어봤나 미안하기도 하고
TALK,0,김남주,,,...
TALK,0,김남주,,,아직 시험기간 많이 남았잖아. 천천히 준비해보자.
TALK,0,김남주,,,나도 내가 아는 선에서는 도와줄게.
RADIO,0,,,,그 말에 유주 누나는 살짝 웃으며 대답했다.
SET,0,Remove,,,서유주
TALK,0,서유주,,,고마워.
SCENE,0,12-2-2 +1,,,
SET,0,BG,,,mapossam
SET,0,Member,,funny,서유주
TALK,0,김남주,,funny,갑자기 웬 칭찬이래.
TALK,0,김남주,,,감사합니다~
RADIO,0,,,,나는 장난스럽게 손을 모아 감사하다고 대답했다.
RADIO,0,,,,그 익살스런 행동에 유주 누나가 피식 웃었다.
TALK,0,김남주,,,(역시 지나친 생각이었나)
SET,0,Remove,,,서유주
RADIO,0,,,,이 후 나와 유주 누나는 시답잖은 잡담을 하며 밥을 먹었다.
SCENE,0,,,,
SET,0,BG,,,club
RADIO,0,,,,중간고사가 끝나고 늘 그렇듯 동방에 누워 휴대폰을 하는 중이었다.
SET,0,Member,,idle,유하람
TALK,0,유하람,,idle,"언니, 그러고보니 슬슬 성적 나오는 것 같더라."
SET,0,Member,,idle,주시현
TALK,0,주시현,,idle,그래? 하람이 너네는 되게 일찍 나오는구나.
RADIO,0,,,,테이블에는 시현 누나와 하람이가 마주 앉아 얘기를 나누고 있었다.
RADIO,0,,,,대충 듣기로는 성적과 관련된 얘기인 듯 하다.
TALK,0,유하람,,,남주야. 너도 성적 나왔어?
RADIO,0,,,,얘기가 갑자기 나에게 넘어왔다.
RADIO,0,,,,"성적에는 그다지 연연하지 않는 편이라 별로 관심을 두고 있진 않았지만, 얘기가 나온 김에 세인트에서 성적을 검색했다."
TALK,0,김남주,,,오
TALK,0,유하람,,,나왔어? 잘 봤어?
TALK,0,김남주,,,"응. A+ 2개, A 1개."
RADIO,0,,,,생각보다 빨리 나왔네.
RADIO,0,,,,이산구조에서 A가 나왔다. 나름 다 적었던 것 같은데 틀린게 있었나보다.
TALK,0,유하람,,idle,언니. 쟤 재수없어.
TALK,0,주시현,,,"냅둬, 저건 다른 세계 사람이야."
SET,0,Remove,,,유하람
RADIO,0,,,,유하람은 질린 표정을 하고 다시 시현 누나랑 얘기하기 시작했다.
TALK,0,김남주,,,(그나저나 유주 누나도 성적이 나왔을텐데...)
RADIO,0,,,,나는 유주 누나에게 성적이 나왔다는 카톡을 보냈다.
RADIO,0,,,,그리고는 살짝 졸음이 밀려와 후드 티의 모자를 대충 덮고 이어폰을 낀 채 잠이 들었다.
SET,0,BG,,,class
TALK,0,김남주,,,"누나, 안녕?"
RADIO,0,,,,나는 미적분학2 수업에서 마주친 유주 누나에게 반갑게 인사했다.
SET,0,Member,,idle,서유주
TALK,0,서유주,,idle,"어, 응. 안녕."
SET,0,Remove,,,서유주
RADIO,0,,,,그러자 유주 누나는 어색한 웃음을 띄우며 짧게 인사하고는 자리로 들어갔다.
TALK,0,김남주,,,?
TALK,0,김남주,,,흠...
RADIO,0,,,,날이 어두워져 가로등이 켜진 우정관 앞을 지나가며 나는 고뇌에 빠졌다.
TALK,0,김남주,,,(왠지 모르겠는데 유주 누나가 나를 피하는 것 같단 말이지.)
RADIO,0,,,,하지만 도통 이유를 모르겠다.
RADIO,0,,,,카톡을 보내면 답장이 없다.
RADIO,0,,,,"인사를 하면 짧게만 대답하고 가버리는 데다, 대회 연습할 때도 뭔가 이전보다 적극적이지 않은 것 같다."
TALK,0,김남주,,,(그리고 뭔가 요즘 표정이 안좋고)
RADIO,0,,,,걱정이 안된다고 하면 거짓말이다.
RADIO,0,,,,애초에 나는 친한 사람이 많이 없다.
RADIO,0,,,,심지어 유주 누나만큼 내적 친밀감을 가지고 있는 사람은 대학교 안에서는 거의 없다.
RADIO,0,,,,그런 사람이랑 멀어진 것 같은 기분이 드는데 어떻게 신경이 안쓰일까.
SET,0,BG,,,garize
RADIO,0,,,,그런 생각을 하면서 정문으로 내려가던 차에 반대쪽에 익숙한 실루엣이 보였다.
TALK,0,김남주,,,유주 누나!
SET,0,Member,,idle,서유주
RADIO,0,,,,나는 유주 누나쪽으로 달려가 인사를 했다.
TALK,0,서유주,,,"아, 남주야."
RADIO,0,,,,어쩐지 기운없는 목소리.
TALK,0,김남주,,,이 시간까지 학교엔 웬일이야?
TALK,0,서유주,,,아...
TALK,0,서유주,,,로욜라에서 공부 좀 하다 가려고.
TALK,0,서유주,,,나 그럼 가볼게.
RADIO,0,,,,또 이런 식이다.
RADIO,0,,,,예전에는 마주치면 서로 웃으며 장난치던 사이었는데 왜 이렇게 어색해진 걸까.
TALK,0,김남주,,,유주 누나.
SET,0,Remove,,,서유주
RADIO,0,,,,나를 지나쳐 가려는 누나를 불러세웠다.
RADIO,0,,,,
SELECT,0,13-1 +1,,,잠깐 시간 되냐고 물어본다.
SELECT,0,13-2 +1,,,단도직입적으로 묻는다.
SCENE,0,13-1 +1,,,
SET,0,BG,,,garize
SET,0,Member,,idle,서유주
TALK,0,김남주,,idle,잠깐 시간 괜찮을까?
TALK,0,김남주,,,나 누나랑 하고 싶은 얘기가 있어.
TALK,0,서유주,,,......
SET,0,Remove,,,서유주
TALK,0,서유주,,,잠시만 기다려줄래? 나 도서관에서 짐 좀 정리해서 올게.
SCENE,0,13-2 +1,,,
SET,0,BG,,,garize
SET,0,Member,,idle,서유주
TALK,0,김남주,,idle,혹시 나 피하는 거 아니지?
TALK,0,김남주,,,내가 누나한테 뭐 잘못한 게 있다거나...
TALK,0,서유주,,,"아니야, 남주야."
TALK,0,서유주,,,이건 그러니까....
SET,0,Remove,,,서유주
TALK,0,서유주,,,잠시만. 잠시만 기다려줘. 나 일단 도서관에 짐부터 정리해서 올게.
SCENE,0,,,,
SET,0,BG,,,garize
SET,0,Member,,idle,서유주
RADIO,0,,,,"청광 입구에 서서 기다리고 있자, 짐을 정리하고 온 유주 누나가 돌아왔다."
TALK,0,서유주,,,벤치가 없네…
TALK,0,서유주,,,그냥 바닥으로 가자.
RADIO,0,,,,유주 누나는 적당히 주변에 사람이 없는 곳에 짐을 대충 던지고 그 옆에 앉았다.
RADIO,0,,,,나도 누나를 따라 적당히 근처에 자리를 잡았다.
TALK,0,서유주,,,…
TALK,0,김남주,,,…
RADIO,0,,,,쌀쌀한 초가을의 공기 속에 우리는 잠시동안 아무 말도 없었다.
TALK,0,서유주,,,잠깐 맥주나 한 캔 사올까?
TALK,0,서유주,,,저녁은 먹었어?
RADIO,0,,,,먼저 정적을 깬 건 유주 누나였다.
TALK,0,김남주,,,"어, 응. 먹었어."
RADIO,0,,,,사실은 안 먹었지만.
RADIO,0,,,,나는 거짓말을 했다.
RADIO,0,,,,우리는 편의점에서 맥주를 사서 다시 청광으로 올라왔다.
RADIO,0,,,,"칙, 캔을 따자 시원한 소리가 났다."
TALK,0,서유주,,alcohol,"자, 짠."
RADIO,0,,,,유주 누나는 나와 캔을 맞춘 뒤 맥주를 한 모금 들이켰다.
TALK,0,서유주,,,어떻게 말해야할까.
TALK,0,서유주,,,일단 미안해. 사실 너를 좀 피한게 맞아.
RADIO,0,,,,유주 누나가 말했다.
TALK,0,서유주,,,"근데 그게 막 너가 싫다거나, 너가 잘못해서 그런게 아니야."
TALK,0,서유주,,,그냥 너를 보기 좀 힘들었어.
TALK,0,김남주,,,힘들었다니?
TALK,0,서유주,,,음... 그러니까 속이 상했다고나 할까.
TALK,0,서유주,,,이번에 성적이 좀 안좋게 나왔어.
TALK,0,서유주,,,나는 나름 꽤 공부했다고 생각했는데.
SET,0,Remove,,,서유주
TALK,0,서유주,,,......
SET,0,Event,,,sogang_alcohol
RADIO,0,,,,나는 아무 말 없이 유주 누나를 바라봤다.
RADIO,0,,,,유주 누나가 노력파라는 사실은 누구보다 잘 알고 있다.
RADIO,0,,,,항상 여유있어 보이지만 누구보다 성실한 사람이니.
TALK,0,서유주,,,그래서 그랬어.
TALK,0,서유주,,,"특히 이번에는 너랑 공부도 많이하고, 이것저것 많이 물어보기도 했는데 성적이 잘 안나오니까 마음이 불편하더라구."
RADIO,0,,,,유주 누나는 맥주를 한 모금 더 들이켰다.
RADIO,0,,,,거친 숨을 크게 토해내며 맥주를 삼킨 누나는 나를 바라보며 말했다.
TALK,0,서유주,,,그러면 안되는 건데 너한테 질투도 좀 했어.
RADIO,0,,,,그렇게 말하며 누나는 다시 한 번 맥주를 마셨다.
TALK,0,서유주,,,너는 그냥 다 잘하는 것 같으니까.
TALK,0,서유주,,,내가 어려워 하는 부분들도 너는 쉽게 해버리니까 그게 자존심 상하더라고.
RADIO,0,,,,유주 누나는 그렇게 말하며 계속해서 맥주를 들이켰다.
RADIO,0,,,,뭔가 답답한 것을 신경질적으로 털어내듯 계속.
RADIO,0,,,,
SELECT,0,"13-1-1 +1,서유주 +10",,,서유주를 격려한다.
SELECT,0,"13-1-2 +1,서유주 +20",,,가만히 있는다.
SCENE,0,13-1-1 +1,,,
SET,0,Event,,,
SET,0,BG,,,garize
SET,0,Member,,drunksad,서유주
TALK,0,김남주,,drunksad,잘할거야.
RADIO,0,,,,유주 누나가 나를 바라봤다.
RADIO,0,,,,나도 유주 누나를 보며 말했다.
TALK,0,김남주,,,"지금까지 누나가 얼마나 성실하게 공부하고, 열심히 노력했는지 나는 알아."
TALK,0,김남주,,,잘할거야.
RADIO,0,,,,유주 누나는 그렇게 말하는 내게 싱긋 웃어주었다.
SET,0,Remove,,,서유주
TALK,0,서유주,,,고마워.
SCENE,0,13-1-2 +1,,,
SET,0,BG,,,garize
SET,0,Member,,drunksad,서유주
RADIO,0,,,,누나는 맥주잔을 흔들며 계속 중얼거렸다.
TALK,0,서유주,,,내가 컴공에 온 게 맞는가 싶긴해.
TALK,0,김남주,,,그게 무슨 말이야?
TALK,0,서유주,,,C나 C++같은걸 배워도 도저히 모르겠어
TALK,0,서유주,,,"근데 이걸 못하는데 2, 3학년들 과목들을 버틸 수 있을까?"
TALK,0,김남주,,,아직 2학기잖아. 하나하나 해보면 되지.
TALK,0,서유주,,,글쎄. 후후
TALK,0,서유주,,,"미안, 내가 지금 기분이 좀 그래."
RADIO,0,,,,그렇게 말하는 유주 누나는 입은 웃고 있지만 눈을 그렇지 않았다.
RADIO,0,,,,어딘가 먼 곳을 바라보는 듯한 눈빛으로 정면을 담담히 응시할 뿐이었다.
TALK,0,서유주,,,"나는 게임 개발자가 되고 싶어서 왔는데, 내가 잘 버틸 수 있을지 겁나."
TALK,0,서유주,,,애초에 내가 잘 버틸 수 있을지 잘 모르겠고.
TALK,0,서유주,,,... 거의 다 마셨네.
TALK,0,서유주,,,짠 한번 할까?
RADIO,0,,,,나는 유주 다시 한 번 건배를 했다.
RADIO,0,,,,"나는 거의 마시지 않아 무거운 캔과, 누나의 가벼운 캔이 부딪혔다."
TALK,0,서유주,,drunkhappy,"뭐야, 너 너무 안 마신거 아냐?"
RADIO,0,,,,유주 누나가 살짝 알딸딸해진 듯 키득키득 웃었다.
RADIO,0,,,,그러고는 마지막 한 모금을 털어내더니 후련하다는 듯 말했다.
TALK,0,서유주,,,그래도 말하니까 시원하다.
SET,0,Remove,,,서유주
TALK,0,서유주,,,어디 말할 곳도 없었거든. 이런 거.
RADIO,0,,,,
SELECT,0,"13-2-1 +1,서유주 +0",,,서유주를 격려한다. 
SELECT,0,"13-2-2 +1,서유주 +10",,,침묵한다.
SCENE,0,13-2-1 +1,,,
SET,0,BG,,,garize
SET,0,Member,,drunksad,서유주
TALK,0,김남주,,drunksad,나는 잘 모르겠지만...
TALK,0,김남주,,,잘할거야.
RADIO,0,,,,유주 누나가 나를 바라봤다.
RADIO,0,,,,"술기운에 살짝 편안한 표정으로, 약간의 미소를 띄며 나를 바라봤다."
RADIO,0,,,,나도 유주 누나의 눈을 보며 말했다.
TALK,0,김남주,,,물론 당장이야 어려울 수 있겠지만...
TALK,0,김남주,,,"근데 나는 지금까지 누나가 얼마나 성실하게 공부하고, 열심히 노력했는지 알잖아."
TALK,0,김남주,,,그러니까 잘할거야.
TALK,0,김남주,,,진심이야.
TALK,0,김남주,,,누나가 잘됐으면 좋겠어.
RADIO,0,,,,유주 누나는 그렇게 말하는 내게 빙그레 웃어주었다.
TALK,0,서유주,,,고마워.
SET,0,Remove,,,서유주
RADIO,0,,,,나는 괜히 낯이 간지러워 고개를 눈을 피했다.
SCENE,0,13-2-2 +1,,,
SET,0,BG,,,garize
SET,0,Member,,drunksad,서유주
RADIO,0,,,,나는 아무말도 하지 않았다.
RADIO,0,,,,볼끝에 서늘한 가을 바람이 묻어 지나갔다.
RADIO,0,,,,우리는 잠깐 아무 말도 없이 그저 묵묵히 앉아 청광을 바라보았다.
TALK,0,서유주,,,고마워. 얘기 들어줘서.
RADIO,0,,,,누나가 말했다.
TALK,0,김남주,,,고맙긴.
TALK,0,서유주,,,슬슬 춥다. 일어날까?
TALK,0,김남주,,,그래.
RADIO,0,,,,우리는 잔디에서 일어나 마시던 맥주 캔을 들었다.
RADIO,0,,,,남은 맥주는 대충 건배한 뒤 한 모금씩 마시고 화단에 털었다.
TALK,0,서유주,,drunkhappy,그나저나 누나가 말 안걸어줘서 서운했어?
RADIO,0,,,,유주 누나가 킥킥대며 내게 말했다.
TALK,0,김남주,,,아니거든.
TALK,0,서유주,,,으니그든.
TALK,0,김남주,,,...
RADIO,0,,,,유주 누나가 웃음을 터뜨렸다.
SET,0,Remove,,,서유주
RADIO,0,,,,"가을 바람 때문에 조금 더 붙어 걷는 건지, 누나와 이전보다 조금 더 가까워진 느낌이 들었다."
SCENE,0,,,,
SET,0,BG,,,concert
SET,0,Member,,shiny,유하람
TALK,0,유하람,,shiny,와...!! 진짜 너무 기대된다!!
RADIO,0,,,,우리는 yes25 라이브홀 1층에서 '140~160번'이라 적힌 깃발 밑에서 줄을 서 있었다.
RADIO,0,,,,"콘서트는 저녁 6시부터 시작이지만, 하람이가 이런저런 굿즈 나눔도 받고 싶어해서 한 2시부터 쭉 이곳에 있었다."
RADIO,0,,,,하람이는 한 군데도 놓치지 않고 싶은지 콘서트 관련된 것이 있는 곳마다 모조리 사진을 찍었다.
RADIO,0,,,,"새삼 나도 Afterglow의 팬이긴 하지만, 요즘들어 '과연 하람이와 내가 같은 '팬'이라는 집단으로 묶여도 되는건가.' 라는 의문이 든다."
TALK,0,스태프,,,입장 시작하겠습니다.
RADIO,0,,,,"입장을 시작한다는 스태프의 말과 함께, 저 앞에서 사람들이 움직이기 시작했다."
TALK,0,유하람,,,드디어 들어가나봐!
TALK,0,김남주,,,그러게.
SET,0,BG,,,concert
RADIO,0,,,,이후 그리 오래 지나지 않아 나랑 하람이도 공연장에 입장할 수 있었다.
RADIO,0,,,,"들어가고 나서는 입장순서랑 상관없이 서 있을 수 있지만, 아무래도 앞에부터 꽉 차는 구조라서 대충 입장순서대로 서게 되는 것 같았다."
RADIO,0,,,,"자리를 잡고 나서 하람이 쪽을 보니, 이리저리 갸웃거리고 있었다."
TALK,0,김남주,,,혹시 무대가 잘 안 보여?
TALK,0,유하람,,smile,아니 괜찮아! 스탠딩인데 이 정도는 양호하지.
TALK,0,유하람,,,너 티켓 이렇게 들어봐.
TALK,0,김남주,,,이렇게?
TALK,0,유하람,,shiny,응! 찍을게.
RADIO,0,,,,하람이는 무대랑 티켓이 보이게끔 사진을 여러 장 찍었다.
TALK,0,유하람,,smile,너 태그해서 올릴게.
TALK,0,김남주 ,,,그래.
SET,0,Remove,,,유하람
RADIO,0,,,,"곧, 핸드폰에 평소에는 뜰 일 없는 낯선 알림이 떴다."
RADIO,0,,,,
SELECT,0,유하람 +10,,,내 스토리에도 추가한다.
SELECT,0,유하람 +0,,,그대로 끈다.
RADIO,0,,,,슬슬 공연장 끝까지 사람들이 꽉 들어찬 것 같았다.
RADIO,0,,,,무대 시작 전 틀어준 노래를 들으며 하람이와 이런저런 얘기를 하니 어느덧 관객들 있는 쪽 조명이 꺼졌다.
RADIO,0,,,,이윽고 무대 위에 내리쬐는 스포트라이트와 관객들의 엄청난 함성과 함께 콘서트가 시작됐다.
SET,0,BG,,,shinchon_yoru
RADIO,0,,,,우와... 진짜 너무 즐거웠다.
RADIO,0,,,,"확실히 내가 Afterglow의 모든 콘서트를 다 챙겨본 건 아니었지만, 이번 콘서트는 역대급이 맞았다."
RADIO,0,,,,"라이브도 다 너무 좋았고, 콘서트 프로그램 구성도 좋았고, 팬들도 어느 때보다도 열정적으로 호응했다."
SET,0,Member,,disappointed,유하람
TALK,0,유하람,,disappointed,나 목 나간 것 같아? 목소리 이상해?
TALK,0,김남주,,,아니 괜찮게 들리는데?
TALK,0,유하람,,smile,그래? 근데 너는 목소리 좀 나간 것 같아.
TALK,0,김남주,,,아 진짜?
TALK,0,유하람,,,뭐 어때.
RADIO,0,,,,하람이가 피식 웃으며 이야기했다.
SET,0,Event,,,yorusanbo
RADIO,0,,,,그러고는 뒷사람한테 민폐일 수 있다며 질끈 묶어올렸던 머리를 촥 풀어헤쳤다.
RADIO,0,,,,노란 가로등 불빛이 하람이의 머릿결을 타고 유유히 흘렀다.
RADIO,0,,,,머리카락이 허공에서 등으로 떨어질 때까지의 찰나가 마치 슬로우모션처럼 느껴졌다.
RADIO,0,,,,내가 아무 말 없이 쳐다보고 있으니까 하람이도 시선을 느꼈는지 내 쪽을 돌아봤다.
RADIO,0,,,,확실히 아까보다는 지친 안색이지만그래도 하람이 표정에는 기쁨이 만연해 있었다.
RADIO,0,,,,"마치 커다란 프로젝트를 제대로 수행해내서 지쳤지만 뿌듯한 사람의 표정 같기도 하고, 장편의 이야기를 한껏 몰입해서 읽은 뒤 감동 받은 사람의 표정 같기도했다."
RADIO,0,,,,하지만 이 모든 설명은 지금 내 느낌을 온전히 담아내지 못해.
RADIO,0,,,,예쁘다.
RADIO,0,,,,"급격하게 친해진 이 친구를 대하는 데 있어서, 괜히 '여자'를 대한다는 생각으로 긴장하고 싶지 않아서 마음 속에서 의식적으로 꾹꾹 눌러왔던 속마음."
RADIO,0,,,,"하지만 적어도 지금 이 순간만큼은, 하람이는 내가 아는 말로는 다 표현할 수 없을 만큼 아름다웠다."
SET,0,Event,,,
TALK,0,유하람,,shiny,배고프다. 밥이나 먹으러 갈까?
TALK,0,김남주,,,"응, 좋아. 뭐 먹을래?"
TALK,0,유하람,,smile,닭갈비 어때? 괜찮으면 술도 한 잔 하자.
TALK,0,김남주,,,"좋아, 근처에 한 번 검색해볼게."
SET,0,BG,,,dakgalbi
RADIO,0,,,,"우리는 다행히 콘서트장에서 조금 떨어진 곳으로 와서, 가게가 그렇게 바글바글 거리지 않았다."
TALK,0,유하람,,idle,닭갈비 2인분에... 뭐 마실래?
TALK,0,김남주,,,생맥 두 잔 시키자.
TALK,0,유하람,,smile,그래.
RADIO,0,,,,"이후에 누가 먼저랄 것 없이 물과 수저 젓가락을 세팅하고, 잠깐의 침묵이 찾아왔다."
TALK,0,유하람,,shiny,우와... 오늘 공연 실제로 못 봤으면 아마 무덤 들어갈 때까지 후회했을 거야.
TALK,0,유하람,,,티켓팅 진짜 고마워. 덕분에 잘 봤어.
TALK,0,김남주,,,"뭐, 운이 좋았던 거니까..."
TALK,0,김남주,,,너는 오늘 뭐가 제일 기억에 남아?
TALK,0,유하람,,smile,"와, 나 진짜 전부 다 조금도 잊고 싶지 않은데 일단은..."
RADIO,0,,,,"공연에 대한 이런저런 얘기를 나누는 사이, 주문했던 메뉴가 나왔고 우리는 같이 술잔을 기울였다."
RADIO,0,,,,"음식이 나오고부터는 하람이도 배가 많이 고팠는지, 한동안 말없이 조용히 먹었다."
TALK,0,유하람,,shiny,자 짠!
TALK,0,김남주,,,너 조금 빨리 마신다?
TALK,0,유하람,,idle,맥주 가지고 뭘. 나 술 그렇게 약하지 않아.
RADIO,0,,,,"하긴, 하람이가 취해서 뻗는 모습은 잘 상상이 가지 않는다."
TALK,0,유하람,,smile,너랑 이렇게 갑자기 친해질 줄은 몰랐는데.
RADIO,0,,,,
SELECT,0,유하람 +20,,,그건 나도 마찬가지야.
SELECT,0,유하람 +10,,,그러게. 어쩌다가 밴드 취향이 맞아가지고...
SET,0,BG,,,dakgalbi
TALK,0,김남주,,,처음에는 동방에 좀 오시는 동아리 신입생 정도였는데.
TALK,0,김남주,,,어쩌다 이렇게 음악 취향 맞는 걸 알게 되서 기쁘네.
SCENE,0,,,,
SET,0,BG,,,dakgalbi
TALK,0,유하람,,shiny,그 날 나의 덜렁거림이 한 건 했다!
TALK,0,김남주,,,"아, 맞아. 갑자기 핸드폰 스피커로 확 나왔지."
TALK,0,유하람,,surprised,진짜 화들짝 놀랐다니까.
TALK,0,남자,,,"맞아, 너 눈 그렇게 동그래지는 거 그 때가 처음이자 마지막이었어."
TALK,0,유하람,,disappointed,그런 모습은 좀 잊어 주지 않을래?
RADIO,0,,,,이런저런 실없는 얘기를 주고받다 보니까 시간이 금방 갔다.
TALK,0,유하람,,shiny,"사장님, 저희 500 두 잔 주세요!"
RADIO,0,,,,"어느덧 먹던 맥주잔은 다 비었고, 우리는 맥주를 한 잔씩 더 시켰다."
RADIO,0,,,,어쩌다 이렇게 맥주까지 마시게 됐냐.
RADIO,0,,,,나는 묘한 기분이 들었다.
TALK,0,김남주,,,"정말, 너가 Afterglow를 좋아할 거라고는 상상도 못 했는데."
TALK,0,유하람,,idle,애초에 대부분의 사람들은 모르는 인디밴드니까.
TALK,0,김남주,,,"꼭 그래서만은 아니고... 뭐랄까, 보통 사람들이 듣는 팝송이나 kpop 좋아할 줄 알았어."
TALK,0,김남주,,,애초에 약간 덕질이랑은 거리가 먼 첫인상이었고.
TALK,0,유하람,,smile,그게 뭐야. 내 첫인상이 어땠는데?
SET,0,Remove,,,유하람
RADIO,0,,,,하람이가 피식 웃으며 얘기했다.
RADIO,0,,,,
SELECT,0,"14-1 +1,유하람 +10",,,음... 좀 친해지기 어려워 보였어. 워낙 인싸같아서.
SELECT,0,"14-2 +1,유하람 +30",,,그냥 되게 친절하긴한데 사회생활 하는 느낌이라 '너'라는 사람을 깊게 알기는 힘들겠다고 생각했었어.
SCENE,0,14-1 +1,,,
SET,0,BG,,,dakgalbi
SET,0,Member,,smile,유하람
TALK,0,유하람,,smile,보통 인싸 같은 사람이랑 친해지고 싶어하지 않아?
TALK,0,김남주,,,그게 나같은 사람한테는 오히려 더 어렵다.
TALK,0,유하람,,idle,무슨 말인지 알 것 같기도 하고~
RADIO,0,,,,하람이는 크게 기지개 키면서 말을 늘였다.
TALK,0,유하람,,shiny,그래도 지금은 좀 편하지?
TALK,0,김남주,,,응. 모르던 모습을 많이 알게 되서 좋네.
RADIO,0,,,,나는 씩 웃으며 하람이를 물끄러미 쳐다보았다.
SET,0,Remove,,,유하람
RADIO,0,,,,하람이는 언제나처럼 상냥하게 웃고 있었다.
SCENE,0,14-2 +1,,,
SET,0,BG,,,dakgalbi
SET,0,Member,,surprised,유하람
TALK,0,유하람,,surprised,아...
RADIO,0,,,,문득 하람이의 얼굴에서 발랄한 표정은 사라지고 약간 어안이 벙벙한 느낌으로 나를 쳐다보았다. 뭐지? 내가 말실수를 한건가?
TALK,0,김남주,,,"아, 막 나쁜 뜻으로 말한 건 아니고! 그리고 지금은 전혀 저렇게 생각 안 해."
TALK,0,유하람,,smile,"아냐, 나도 기분 나쁜 거 전혀 아니야."
TALK,0,유하람,,shiny,오히려 기쁘면 기뻤지.
RADIO,0,,,,술기운 때문인지 하람이 얼굴이 조금 발그레해 보였다.
RADIO,0,,,,그나저나 뭐라고? 기쁘다고? 내가 잘못 들은거겠지?
TALK,0,유하람,,idle,너 말대로 그 때의 나는 그냥 사회생활을 했던 게 맞아.
TALK,0,유하람,,,"그래서 늘 누군가에게 나에 대해 물어보면 착하다, 친절하다... 뭐 그런 얘기만 들어왔고."
TALK,0,유하람,,,그게 나쁘다고는 생각하지 않아.
TALK,0,유하람,,,"그냥... 마치 중고등학교 때 반에서 롤링페이퍼를 쓸 때, 안 친한 애들한테는 '착하다' 한 마디 적혀있는 편지를 받는, 그런 느낌인거지."
RADIO,0,,,,중얼거리듯 말하는 하람이는 나를 쳐다보고 있지 않았다.
RADIO,0,,,,"마치 몇 번이고 회상했던 추억을 다시 곱씹듯, 복잡미묘한 표정을 짓고 있었다."
TALK,0,유하람,,,"그런 얘기들은 딱히 나쁘지도 않고, 기쁘지도 않지만 무언가 텅 비어있다는 느낌을 많이 받았는데."
TALK,0,유하람,,shiny,너는 꽤 나를 제대로 봐주고 있었구나.
RADIO,0,,,,하람이는 언제나처럼 나를 보며 상냥하게 웃고 있었다.
SET,0,Remove,,,유하람
RADIO,0,,,,"그런데 나는 왠지 미묘하게, 그 미소가 평소보다 가면이 한꺼풀 벗겨진 좀 더 원래의 '유하람'에 가까운 미소라는 생각이 들었다."
SCENE,0,,,,
RADIO,0,,,,얼마전 청광에서 유주 누나와 얘기를 한 후로 유주 누나는 더 이상 나를 피하지 않았다.
RADIO,0,,,,오히려 이전보다 더 가까워진 것 같은 느낌을 받았다.
RADIO,0,,,,대회 준비도 순조롭게 이루어져 32강부터 시작했던 토너먼트는 연승을 거듭해 어느새 결승을 눈앞에 두고 있었다.
RADIO,0,,,,그리고 결승 당일....
TALK,0,cvmin,,,일단 제리한테 궁썼어요!!
TALK,0,서유주,,,제리 잡았어!
TALK,0,김남주,,,넥서스!! 넥서스!! 넥서스!!
TALK,0,전원,,,나이스!!!!!!
RADIO,0,,,,우리는 서강대 롤 대회에서 우승했다.
SET,0,BG,,,dakgalbi
RADIO,0,,,,시상식이 끝나고 우리는 마니마니톡톡에 뒷풀이를 왔다.
RADIO,0,,,,앉아서 주문을 하자마자 다들 신나는 목소리로 얘기하기 시작했다.
TALK,0,팀원 1,,,"하, 마지막에 바루스로 바론 스틸한 거 아직도 손이 떨려."
TALK,0,팀원 2,,,진짜 그거 없었으면 못 이겼다.
TALK,0,팀원 2,,,cvmin님 운영도 진짜 좋았아요.
TALK,0,팀원 2,,,유수암쇄권? 처음에는 뭔가 싶었는데 이렇게 보여주시네.
TALK,0,cvmin,,,"아이, 또 그렇게 칭찬하시면 부끄러운데...."
RADIO,0,,,,기분 좋은 목소리들이 오고 갔다.
RADIO,0,,,,"열심히 연습했고, 좋은 결과가 있었다."
RADIO,0,,,,승리의 기쁨을 축하하는 것은 당연한 일이었다.
RADIO,0,,,,오늘만큼은 나도 기분이 좋아 달리고 싶은 기분이 들었다.
RADIO,0,,,,마침 맥주가 왔고 유주누나가 맥주잔을 들었다.
SET,0,Event,,,after_game
TALK,0,서유주,,,"자자, 다들 고생하셨습니다!!!"
TALK,0,전원,,,짠!!
RADIO,0,,,,목을 넘어가는 맥주는 지금까지 마셨던 그 어떤 것보다 시원했다.
RADIO,0,,,,"시간이 제법 지났고, 자리에는 술잔과 술병이 쌓여갔다."
SET,0,Event,,,
RADIO,0,,,,나도 술을 꽤 많이 마셔 살짝 어지러운 기분이 들기 시작했다.
TALK,0,김남주,,,잠시 화장실좀.
SET,0,BG,,,night_forest
RADIO,0,,,,화장실을 다녀오고 밖에 바람을 쐬러 나왔다.
RADIO,0,,,,서늘한 공기가 달아오른 뺨을 식혀 취기가 살짝 달아나는 듯 했다.
RADIO,0,,,,좋은 기분이었다.
SET,0,Member,,drunkhappy,서유주
RADIO,0,,,,잠시 시원함을 즐기고 있었는데 유주 누나가 나왔다.
TALK,0,김남주,,,어? 누나.
TALK,0,김남주,,,누나도 바람쐬러 왔어?
TALK,0,서유주,,,응.
SET,0,Remove,,,서유주
TALK,0,서유주,,,아~ 시원하다.
SET,0,Event,,,after_alcohol
RADIO,0,,,,내 옆으로 다가온 유주 누나는 기분 좋다는 듯 기지개를 폈다.
RADIO,0,,,,우리는 잠깐 동안 말없이 바람을 쐤다.
TALK,0,서유주,,,우리가 정말 우승을 했네.
RADIO,0,,,,먼저 침묵을 깬 건 유주 누나였다.
TALK,0,김남주,,,그러게.
TALK,0,김남주,,,난 솔직히 우승할 줄 몰랐는데.
TALK,0,서유주,,,왜? 난 당연히 우승할 줄 알았는데?
TALK,0,김남주,,,그도 그럴게 우리 처음 스크림할 때 엄청 싸웠었잖아.
TALK,0,김남주,,,이렇게 팀합이 좋아질 줄은 몰랐으니까. 하하
TALK,0,서유주,,,아아.... 그러고보니 우리 엄청 싸웠었구나.
RADIO,0,,,,유주 누나가 키득거렸다.
TALK,0,서유주,,,다 싸우면서 친해지는 거지~
TALK,0,김남주,,,진짜로.
RADIO,0,,,,나는 슬쩍 유주 누나를 봤다.
RADIO,0,,,,술기운 때문인지 모르겠지만 누나의 얼굴이 붉어보였다.
RADIO,0,,,,유난히 하얀 유주 누나라 붉어진게 더 눈에 띄었다.
RADIO,0,,,,
SELECT,0,"15-1 +1,서유주 +30",,,고맙다고 한다. 
SELECT,0,"15-2 +1,서유주 +10",,,가만히 있는다. 
SELECT,0,"15-3 +1,서유주 +0",,,게임 이야기를 한다.
SCENE,0,15-1 +1,,,
SET,0,Event,,,
SET,0,BG,,,night_forest
SET,0,Member,,drunkhappy,서유주
TALK,0,김남주,,drunkhappy,고마워.
RADIO,0,,,,술기운 탓인지 나도 모르게 말이 튀어나왔다.
RADIO,0,,,,유주 누나가 살짝 놀란듯 고개를 돌려 나를 바라봤다.
TALK,0,서유주,,,응?
TALK,0,김남주,,,누나가 같이 대회 나가자고 해줘서 이렇게 재밌게 게임도 하고...
TALK,0,김남주,,,"팀원도 모아주고, 연습도 잡아주고...."
TALK,0,김남주,,,고마워.
RADIO,0,,,,유주 누나는 그 말에 고개를 떨궜다.
RADIO,0,,,,귀가 빨개진 걸 보니 부끄러운 걸까.
RADIO,0,,,,너무 대뜸 고맙다고 한 것 같아 나도 부끄러웠다.
TALK,0,서유주,,,아니야.
TALK,0,서유주,,,고마운건 나야.
RADIO,0,,,,유주 누나가 작게 뭐라고 말한 것 같았는데 잘 들리지 않았다.
TALK,0,김남주,,,응?
TALK,0,서유주,,,아냐아냐. 그냥 나도 고맙다고!
TALK,0,서유주,,,나 먼저 들어갈게!
RADIO,0,,,,그렇게 말하며 유주 누나는 다시 안으로 들어갔다.
TALK,0,김남주,,,??
RADIO,0,,,,살짝 어리둥절했지만 술기운에 더 생각할 여유는 없었다.
SET,0,Remove,,,서유주
RADIO,0,,,,적당히 바람을 쐬고 나도 가게로 들어갔다.
SCENE,0,15-2 +1,,,
SET,0,BG,,,night_forest
SET,0,Member,,drunkhappy,서유주
TALK,0,서유주,,drunkhappy,고마워.
RADIO,0,,,,유주 누나가 다시 침묵을 깼다.
TALK,0,김남주,,,응?
TALK,0,서유주,,,아니~ 그냥.
TALK,0,서유주,,,남주 너가 있어서 다행이라는 생각이 들었어.
RADIO,0,,,,갑작스런 말에 살짝 당황스러웠지만 나도 웃으며 대답했다.
TALK,0,김남주,,,뭐야....
TALK,0,김남주,,,나도 고마워 누나.
TALK,0,김남주,,,누나 덕분에 좋은 추억 만든 것 같아.
RADIO,0,,,,유주 누나도 씨익 웃으며 내 말을 받아주었다.
RADIO,0,,,,우리는 그렇게 잠시 말없이 바라봤다.
TALK,0,서유주,,,슬슬 춥다. 들어갈까?
TALK,0,김남주,,,응. 그래.
SET,0,Remove,,,서유주
RADIO,0,,,,그리고는 가게 안으로 들어갔다.
SCENE,0,15-3 +1,,,
SET,0,BG,,,night_forest
SET,0,Member,,drunkhappy,서유주
RADIO,0,,,,머릿속에 오늘 결승전이 다시 한 번 재생되었다.
RADIO,0,,,,바론을 스틸할 때의 조마조마함.
RADIO,0,,,,한타를 이겼을때의 쾌감.
RADIO,0,,,,상대 넥서스를 칠 때의 그 짜릿한 순간.
TALK,0,김남주,,,누나. 오늘 게임 너무 재밌지 않았어?
TALK,0,서유주,,,응?
TALK,0,김남주,,,아니 그도 그럴게 상대 티어가 우리 티어보다 높았고
TALK,0,김남주,,,솔직히 나 이길 줄 몰랐거든?
TALK,0,김남주,,,근데 밴픽부터 인게임까지 우리가 너무 잘했잖아.
TALK,0,김남주,,,일단 첫번째 게임에서....
RADIO,0,,,,나는 다시 찾아온 승리의 흥분에 쉴 새 없이 말을 이어나갔다.
TALK,0,김남주,,,그 때 원딜님이 바론 스틸을 한게...
TALK,0,서유주,,,응응.
TALK,0,김남주,,,근데 거기서 누나가 궁극기 대박을...
TALK,0,서유주,,,"으, 응...."
RADIO,0,,,,"제법 말을 많이 했다라는 생각이 들 때쯤, 유주 누나가 먼저 말했다."
RADIO,0,,,,살짝 기가 빨린 듯한 표정이었다.
TALK,0,서유주,,,"아, 남주야. 미안."
TALK,0,서유주,,,나 좀 추워서. 하하.
TALK,0,서유주,,,먼저 들어갈게. 미안.
RADIO,0,,,,그러고는 빠르게 가게 안으로 들어갔다.
RADIO,0,,,,"나는 너무 내 얘기만 했나, 살짝 머쓱해하며 머리를 긁적였다."
TALK,0,김남주,,,(바로 따라가기는 좀 그러니까 조금만 더 바람이나 쐬다 가자.)
SET,0,Remove,,,서유주
RADIO,0,,,,그렇게 바람을 쐬다 나도 적당한 타이밍에 가게로 들어갔다.
SCENE,0,"서유주 +45,유하람 +115",,,
SET,0,BG,,,Festival
RADIO,0,,,,오늘은 대학교의 백미인 축제가 열리는 날이다.
RADIO,0,,,,"어제 누구와 같이 다닐지 고민하던 참에, 마침 하람이와 유주누나에게 같이 다니자고 연락이 왔다."
RADIO,0,,,,어제는 일단 확답을 하지 않았다.
RADIO,0,,,,일단 나는 학교에 왔으니 이제 연락을 해볼까.
RADIO,0,,,,근데 누구한테 연락을 해야 할까.
RADIO,0,,,,
SELECT,0,"서유주 -1000,유하람 -1000,하엔 +1",,,하람에게 연락한다.
SELECT,0,"서유주 -1000,유하람 -1000,유엔 +1",,,유주에게 연락한다.
SCENE,0,유하람 +115,,,
SET,0,BG,,,Festival
RADIO,0,,,,오늘은 대학교의 백미인 축제가 열리는 날이다.
RADIO,0,,,,"어제 누구와 같이 다닐지 고민하던 참에, 마침 하람에게 같이 다니자고 연락이 왔다."
RADIO,0,,,,일단 나는 학교에 왔으니 연락을 먼저 해봐야겠다.
RADIO,0,,,,카톡을 보내고 얼마 지나지 않아서 금방 하람에게 연락이 왔다.
RADIO,0,,,,지금 학교로 오고 있다고 했다.
SCENE,0,서유주 +45,,,
SET,0,BG,,,Festival
RADIO,0,,,,오늘은 대학교의 백미인 축제가 열리는 날이다.
RADIO,0,,,,"어제 누구와 같이 다닐지 고민하던 참에, 마침 유주 누나에게 같이 다니자고 연락이 왔다."
RADIO,0,,,,일단 나는 학교에 왔으니 연락을 먼저 해봐야겠다.
RADIO,0,,,,카톡을 보내고 얼마 지나지 않아서 금방 유주에게 연락이 왔다.
RADIO,0,,,,지금 학교로 오고 있다고 했다.
SCENE,0,하엔 +1,,,
SET,0,BG,,,Festival
SET,0,Member,,shiny,유하람
TALK,0,유하람,,shiny,안녕~ 잘 지냈어?
TALK,0,김남주,,,뭐 그럭저럭 잘 지냈지. 너는 잘 지냈어?
TALK,0,유하람,,smile,그냥저냥 지냈지. 콘서트 이후로는 영 특별한 일이 없어. 그건 그렇게 이제 우리 뭐 할까?
TALK,0,김남주,,,일단 한번 쭉 돌아다녀볼까?
TALK,0,유하람,,shiny,그래 그러자!
RADIO,0,,,,......
TALK,0,유하람,,idle,축제라고 해서 기대했는데 생각보다 별 게 없네.
TALK,0,김남주,,,그래? 그래도 오늘 공연도 있는데 그때까지 참고 기다려보자.
TALK,0,유하람,,disappointed,근데 지금 다리도 아프고 그래서 어디 앉아있을 곳 없나?
TALK,0,김남주,,,음... 그러면 어떡하면 좋지?
RADIO,0,,,,이건 예상하지 못한 상황이다.
RADIO,0,,,,그래도 모처럼의 축제니까 즐거워 할 줄 알았는데
RADIO,0,,,,축제를 즐거워하지 않는다면 나도 도리가 없다.
TALK,0,유하람,,idle,사람도 너무 많고 그런데 그냥 근처 카페에서 커피나 한 잔 할까?
TALK,0,김남주,,,어? 그래도 좋지. 나도 딱히 축제에 흥미가 안생기네. 그럼 그냥 카페나 가는걸로 하자.
SET,0,BG,,,coffeebreak
RADIO,0,,,,그렇게해서 나와 하람은 근처 카페로 일종의 피신을 가게 되었다.
RADIO,0,,,,뭔가 거창할 것 같았던 축제날이 그저 평범한 일상이 된 것 같았다.
RADIO,0,,,,하람이는 내 맞은편에 앉아있었다.
RADIO,0,,,,"그 모습을 바라보고 있자니, 내 마음이 약간 싱숭생숭해지는 느낌이었다."
RADIO,0,,,,하람이를 만날때마다 그러한 마음이 점점 커지는 듯했다.
RADIO,0,,,,하람이에 대한 나의 마음은... 이제 평범하지 않을지도 모른다는 생각이 든다.
TALK,0,유하람,,smile,무슨 재밌는 생각이라도 했어? 도통 말이 없네.
TALK,0,김남주,,,어? 아니아니... 그냥 커피가 맛있네...
TALK,0,유하람,,shiny,뭐야 그게.
RADIO,0,,,,하람이는 그렇게 말하면서 생긋 웃었다.
RADIO,0,,,,그 웃는 얼굴을 보고 나는 확신했다.
RADIO,0,,,,나는 하람이를 좋아하는 것 같다.
RADIO,0,,,,싱숭생숭하던 마음은 이런식으로 단정하고나니 뭔가 차분해졌다.
RADIO,0,,,,내 마음을 알게 되었으니 오늘은 마냥 평범한 날도 아닌건가.
PRODUCTION,,,,#17로 이어짐,
SET,0,Remove,,,유하람
RADIO,0,,,,그렇게 나와 하람은 카페에서 이런저런 얘기를 나누다가 헤어지게 되었다.
SCENE,0,유엔 +1,,,
TALK,0,김남주,,,어디 쯤이야?
TALK,0,서유주,,,아 미안미안. 지금 서강피시방에서 롤하는 중인데 이판만 끝나고 출발할게. 조금만 기다려줘!
TALK,0,김남주,,,오케이 알았어~
SET,0,BG,,,Festival
SET,0,Member,,idle,서유주
TALK,0,서유주,,idle,미안 늦었지?
TALK,0,김남주,,,"괜찮아, 낮에는 적당히 돌아다니는 것 정도밖에 없으니까. 진짜 축제는 저녁부터지."
TALK,0,서유주,,funny,저녁에 뭐가 있는데?
TALK,0,김남주,,,"공연도 있고, 뭣보다 주점이 열리니깐 술을 마실 수가 있다더라."
TALK,0,서유주,,,오 그거 좋다. 그러면 일단 뭐있는지 한번 둘러볼까?
TALK,0,김남주,,,그래 그러자.
RADIO,0,,,,그렇게 우리는 같이 학교를 돌아다니며 축제를 한껏 즐겼다.
TALK,0,김남주,,,별로 오래 안 있었던 것 같은데 벌써 저녁이 되가네.
TALK,0,서유주,,idle,이제 슬슬 주점 열 시간 되지 않았나? 한번 가볼래?
TALK,0,김남주,,,오케이 슬슬 주점으로 가보자!
RADIO,0,,,,그렇게 우리는 주점으로 갔다.
RADIO,0,,,,근데 이래서야 그냥 축제가 아니라 술마시러 온거잖아...
RADIO,0,,,,뭐 그것도 나쁘지는 않다.
TALK,0,서유주,,alcohol,짠할까?
TALK,0,"김남주, 서유주",,,짠~
TALK,0,서유주,,drunkhappy,이야 오늘 진짜 나왔네.
TALK,0,서유주,,,나와줘서 고맙다. 나 감동받았잖어.
TALK,0,김남주,,,뭐... 누나 친구는 나밖에 없으니까.
TALK,0,서유주,,drunksad,너는 나를 대체 뭘로 보는 거야?
TALK,0,김남주,,,음... 중증 겜순이?
TALK,0,서유주,,,하?
TALK,0,서유주,,,뒤질래?
TALK,0,김남주,,,농담농담~
TALK,0,김남주,,,에헤이~ 꼬치 내려놔.
TALK,0,서유주,,alcohol,그럼 나를 어떻게 보는데?
RADIO,0,,,,"어떻게 보냐니, 그냥 여자 사람 친구아닌가?"
RADIO,0,,,,솔직히... 요즘은 여자 사람 친구로만은 보이지 않는 것 같다는 생각도 든다.
RADIO,0,,,,그럼 나의 이 감정을 말해야 되나?
RADIO,0,,,,아니다.
RADIO,0,,,,너무 솔직히 말하면 돌이킬 수 없는 실수가 될 수도 있을 것 같다.
RADIO,0,,,,그래도 이 마음을 어느정도 전하고 싶은 것은 사실이다.
TALK,0,김남주,,,어떻게 보냐고? 그냥 친한 여자 사람 친구지 뭐.
TALK,0,김남주,,,근데... 여러모로 좀 더 친해지고 싶은?
TALK,0,서유주,,drunksad,여러모로 좀 더 친해지고 싶은게 뭐야?
TALK,0,김남주,,,......알아서 생각해봐.
TALK,0,서유주,,drunkhappy,흐음
RADIO,0,,,,그렇게 잠깐의 침묵이 이어졌다.
TALK,0,서유주,,alcohol,"잠깐, 그러고보니 지금 공연할 시간 아니야?"
TALK,0,김남주,,,여기서 술만 마시는것도 좀 그렇잖아. 한번 가보자.
TALK,0,김남주,,,그래 그럼 그렇게하자.
RADIO,0,,,,나는 유주누나에게 끌려가듯이 자리를 떴다.
RADIO,0,,,,누나의 행동은 지금의 어색한 상황을 타파할려는 것 같았다.
RADIO,0,,,,내 말의 뜻을 눈치챈건가?
TALK,0,서유주,,,마침 트라이파시가 공연중이네.
TALK,0,김남주,,,타이밍 좋다. 그냥 이것만 보고 갈래?
TALK,0,서유주,,drunkhappy,그래 그러자.
SET,0,Remove,,,서유주
RADIO,0,,,,사람이 너무 많은 건 싫어서 그냥 한 말인데 유주누나는 흔쾌히 수락했다.
RADIO,0,,,,......
TALK,0,김남주,,,트라이파시 끝났네. 이제 뭐하지?
SET,0,BG,,,Festival
SET,0,Member,,idle,서유주
TALK,0,서유주,,idle,그냥 좀 걸을래?
TALK,0,김남주,,,어 그러자.
RADIO,0,,,,그렇게 우리는 천천히 걷기 시작했다. 걷다보니 엠마오 뚜껑까지 오게 되었다.
RADIO,0,,,,우리는 엠마오 뚜껑 난간에 몸을 기대어 학교를 내려다보았다.
RADIO,0,,,,밤이 되었음에도 학교는 축제분위기에 시끌벅적하다.
RADIO,0,,,,우리는 말없이 계속 학교를 내려다보았다.
TALK,0,서유주,,funny,"오늘 축제, 기대했던 것보다 꽤 재밌었어."
TALK,0,김남주,,,다 내 덕분 아니겠어?
TALK,0,서유주,,shy,...맞아. 생각해보면 너 덕분인거 같아. 너가 없었으면 그냥 평범한 축제였겠지.
TALK,0,김남주,,,......
RADIO,0,,,,뭐라 말을 해야 할지 모르겠다.
SET,0,Remove,,,서유주
RADIO,0,,,,평소 같았으면 능청스럽게 넘길 말이었지만 왠지 그러면 안될 것 같았다.
SET,0,Event,,,yuju_ending
TALK,0,서유주,,,너 아까 나랑 여러모로 더 친해지고 싶다고 했잖아.
TALK,0,김남주,,,어? 맞아 그랬는데...
TALK,0,서유주,,,그 말 진심이야?
TALK,0,김남주,,,나는 마음에 없는 말 안해. 알잖아.
TALK,0,서유주,,,"그럼, 우리 진짜 진지하게 만나볼래?"
TALK,0,김남주,,,누나 말이 장난이 아니라면.
TALK,0,서유주,,,장난으로 하는 말 아니야. 나도 진심이야.
TALK,0,김남주,,,좋아.
TALK,0,서유주,,,"좋아라니, 그게 끝이야?"
TALK,0,김남주,,,그 말 그대로야.
RADIO,0,,,,그렇게 말하자 누나가 웃으면서 대답했다.
TALK,0,서유주,,,"짜식, 센스있네."
RADIO,0,,,,그러고 누나는 내 손을 잡았다.
RADIO,0,,,,심장이 떨려왔다.
RADIO,0,,,,이런 설렘을 유주누나한테서 느끼게 되다니.
RADIO,0,,,,처음에는 그저 여자 사람 친구였다.
RADIO,0,,,,그러다가 결국 이렇게 진지한 관계로 나아가게 되었다.
RADIO,0,,,,이 설렘이 뭔가 계속되었음하는 바람이 생기게 되었다.
PRODUCTION,,,,여기서 게임종료,
RADIO,0,,,,그런 생각을 하며 나 역시 유주누나의 손을 꼭 붙잡았다.
END,,,,,
SCENE,0,하엔 +1,,,
SET,0,Event,,,
SET,0,BG,,,club
RADIO,0,,,,"축제로부터 며칠 후, 평소대로 동방에서 하염없이 시간을 보내고 있었다."
RADIO,0,,,,시간이 어느새 7시가 되었지만 딱히 동방을 빠져나갈 생각은 없었다.
RADIO,0,,,,나만의 공간에서 나만의 작은 밴드의 노래를 듣는 이 여유에서 빠져나오기는 쉽지 않지.
RADIO,0,,,,"그러던 때, 누군가가 동방 비밀번호를 누르기 시작했다."
RADIO,0,,,,어떤 불청객인진 모르겠지만 지금은 혼자 있고 싶은데...
RADIO,0,,,,지금 이 동방에 들어와도 되는 것은 한 명 뿐이다.
RADIO,0,,,,아무래도 그 한명은 아니겠지...
SET,0,Member,,surprised,유하람
TALK,0,유하람,,surprised,지금 시간에 여기서 뭐해?
RADIO,0,,,,놀랍게도 진짜 그 한명이었다.
TALK,0,김남주,,,그냥 하는 거 없이 Afterglow 노래나 들으면서 빈둥거리고 있지 뭐.
TALK,0,김남주,,,근데 너야말로 지금 이 시간에 무슨 일이야?
TALK,0,유하람,,idle,아니 뭐... 집 가는 길에 동방에 누구 없나 하고 문밖에서 확인만 하려고 했는데 Afterglow 노래가 들리더라고.
TALK,0,유하람,,smile,너가 있는구나 해서 한번 얼굴이나 비추려고 왔어.
TALK,0,유하람,,,"그 말은 즉슨, 내가 동방에 있는 걸 알게 돼서 동방에 들어왔다는 것이 된다."
TALK,0,유하람,,,그렇게 생각하니 뭔가 기쁘면서도 한편으로는 마음이 복잡해졌다.
TALK,0,유하람,,,"그저 친구여서 얼굴을 보러온걸까, 아니면 나였기 때문에 얼굴을 보러온걸까."
TALK,0,김남주,,,(하... 나 진짜 말도 안 되는 걸로 의미부여를 하고 난리를 치는구나.)
TALK,0,유하람,,,왜 이리 멍떄리고 있어. 너 어차피 지금 할 것도 없지?
TALK,0,유하람,,shiny,할 거 없으면 밖에 나가서 산책이나 좀 할래?
RADIO,0,,,,내가 깊은 고민에 빠져있는 와중에 하람이가 먼저 말을 걸었다.
TALK,0,김남주 ,,,어어? 그래 그러는게 좋겠다.
TALK,0,유하람,,smile,밥은 먹었어?
TALK,0,김남주,,,밥은 아까 동방에서 대충 때웠어.
TALK,0,유하람,,,그래 그럼 바로 산책하러 나가자.
RADIO,0,,,,......
SET,0,BG,,,night_forest
TALK,0,유하람,,,근데 너 렌즈는 안끼고 다녀?
TALK,0,김남주,,,아 그게 말이야. 렌즈를 처음 끼게 된거라서 낄 때 시간이 너무 오래 걸리더라구.
TALK,0,김남주,,,그래서 나올때마다 쓰기 귀찮아서 그냥 안경 끼고 다니고 있어.
TALK,0,유하람,,,쓰기 귀찮아도 그냥 렌즈 끼고 다니면 안돼?
TALK,0,김남주,,,왜?
TALK,0,유하람,,smile,아니 뭐... 렌즈낀게 훨씬 나은거 같아서 그래.
TALK,0,김남주,,,알았어 한 번 노력해볼게!
RADIO,0,,,,근데 아무래도 렌즈 착용은 쉽지 않다.
RADIO,0,,,,익숙하지 않으니 끼는데만 20분만 걸리는 것 같다.
RADIO,0,,,,그래도 렌즈낀게 더 나으면 끼고 다니는게 나을려나...
RADIO,0,,,,고민에 빠져있던 와중에 하람이가 다시 말을 걸었다.
TALK,0,유하람,,idle,우리 철인 수업할때 기억나? 같이 모여서 토의했던 때 말야.
TALK,0,김남주,,,기억나지. 주제도 흥미로워서 재밌었는데.
TALK,0,유하람,,smile,"지금 와서 말하면 좀 뒷북 같지만, 그때 네 의견이 나는 진짜 마음에 들었어."
TALK,0,김남주,,,진짜? 나는 너무 필터링 없이 대답했다고 생각해서 약간 창피했는데.
TALK,0,유하람,,shiny,그렇게 너의 생각을 숨김없이 말할 수 있는 게 나는 좋은 거 같아. 너를 다시 보게 되는 순간이었어.
TALK,0,김남주,,,그렇게 생각해주니 너무 고맙네. 이런 마음가짐을 좋게 생각해주다니.
TALK,0,유하람,,idle,"나도 사실 그런식으로 살고 싶거든. 근데 사람들과 두루 지내면서 그러기가 쉽지 않아서, 너가 한편으로 부럽기도 했어."
TALK,0,김남주,,,"그렇구나. 나는 오히려 이런 내 방식이 독이 되는 것 같았는데, 앞으로도 그냥 계속 이어나가야겠다."
RADIO,0,,,,말하고나서 나는 조용히 웃음을 지었다.
RADIO,0,,,,하람이가 나를 좋게 생각하고 있는 것이 기뻤다.
TALK,0,유하람,,smile,"아 맞다, 좀 있으면 동아리 MT인거 알지?"
TALK,0,김남주,,,응 알지알지.
TALK,0,유하람,,,"MT에서 선발대가 필요한데, 시현이 언니가 우리 둘이 선발대로 오라고 하더라고. 선발대 같이 할래?"
TALK,0,김남주,,,나야 얼마든지 괜찮지.
TALK,0,유하람,,,그럼 언니한테 말해둘게.
RADIO,0,,,,사실 크게 내키지는 않았지만 하람이랑 같이 있는 시간이 있으면 있을수록 내게는 좋다.
TALK,0,유하람,,,"어, 벌써 시간이 이렇게 됐네. 이만 헤어질까?"
SET,0,Remove,,,유하람
TALK,0,김남주,,,그래. 그럼 동아리 MT때 만나자~
RADIO,0,,,,이렇게 다시 찾아온 하람과의 시간에서 나는 하람의 마음을 확인할 수 있게 된 것 같다.
SCENE,0,,,,
SET,0,BG,,,shinchon_yoru
RADIO,0,,,,대망의 동아리 MT날이 되었다.
RADIO,0,,,,장소는 신촌에 있는 파티룸.
RADIO,0,,,,나는 선발대로 참여하여 MT를 시작하기 전 사전준비를 하기로 했다.
RADIO,0,,,,물론 저번에 말한대로 하람이도 같이 선발대로 참여한다.
SET,0,Member,,smile,유하람
TALK,0,유하람,,smile,어 여기야 여기!
TALK,0,김남주,,,엄청 빨리 왔네. 다른 사람들은 아직 안왔어?
TALK,0,유하람,,idle,선발대는 우리 둘 뿐이야
TALK,0,김남주,,,선발대가 두 명 뿐이라고? 너무 적은데?
TALK,0,유하람,,,시현 언니도 원래 오는 건데 급한 사정이 생겨서 어쩔 수 없이 선발대로는 못 오게 됐대.
TALK,0,김남주,,,흐음 그래? 그러면 먼저 뭘해야 할까?
TALK,0,유하람,,,우선 장부터 봐야지. 술이랑 음료수 그리고 과자정도만 사면 돼.
TALK,0,김남주,,,선발대 별거 없네! 그럼 바로 장보러 갈까?
TALK,0,유하람,,shiny,그래 그러자.
TALK,0,김남주,,,열 명 어치 분량이라 그런가 생각보다 양이 상당하네...
TALK,0,유하람,,disappointed,하아... 그러게 말이야. 이걸 다들고 파티룸까지 가려면 시간이 좀 걸리겠어.
TALK,0,김남주,,,그래도 다행이다. 오는 사람들이 술을 많이 마시는 사람들은 아니라서.
RADIO,0,,,,마음만 같아서는 내가 모든 짐을 다 들고 가고 싶었지만 그러기 전에 하람이 먼저 짐을 들고 걸어가기 시작했다.
TALK,0,유하람,,,읍!... 이거 생각보다 너무 무거운데?
TALK,0,김남주,,,무거우면 내가 들어줄게.
TALK,0,유하람,,surprised,뭐? 아니야 아니야. 그냥 내가 들고 갈게.
TALK,0,김남주,,,그러면 조금만 나한테 더 줘. 나는 힘이 좀 남으니깐.
TALK,0,유하람,,smile,...그래 고마워.
TALK,0,김남주,,,생각보다 별로 안 무겁네. 금방 파티룸까지 갈 수 있겠다.
RADIO,0,,,,크윽!... 생각했던 것보다 훨씬 무겁다.
RADIO,0,,,,하지만 이미 짐을 손에 쥔 이상 견뎌낼 수 밖에 없다.
SET,0,BG,,,shinchon_party
TALK,0,김남주,,,"휴우, 예상보다 빨리 도착했네. 그럼 여기서 사람들 올때까지 기다리면 되는건가?"
RADIO,0,,,,말이 끝나기 무섭게 누군가가 파티룸으로 들어왔다.
SET,0,Member,,smile,주시현
TALK,0,주시현,,smile,어 뭐야. 너네 벌써 장 다보고 들어온거야?
TALK,0,김남주,,,어. 의외로 장 볼게 딱히 없더라구.
TALK,0,주시현,,,일단 오늘 선발대로 안온건 미안해. 급한 일이 생겨서 말이야.
TALK,0,김남주,,,딱히 상관없어. 급한 일이면 어쩔 수 없지.
RADIO,0,,,,딱히 상관없는 것도 아니고 오히려 감사하다.
RADIO,0,,,,덕분에 나랑 하람이 단둘이서 선발대를 할 수 있었으니까.
TALK,0,주시현,,,다른 애들 오고 있다고 하니깐 이제 나머지는 내가 도맡을게. 너랑 하람이는 좀 쉬고 있어.
TALK,0,유하람,,,앗 나도 도울게.
TALK,0,주시현,,,장 보고 짐 들고 오느라 힘들었을텐데 무리하지말고 그냥 쉬고 있어.
TALK,0,유하람,,,나는 짐 별로 안들고 와서... 나도 같이 도울게!
TALK,0,주시현,,,그래? 그럼 저 짐을 혼자 거의 다 든 거야?
RADIO,0,,,,그렇게 말하면서 시현누나는 나를 향해 약간의 미소를 띄었다.
RADIO,0,,,,아마도 내 마음을 알아차렸기에 그런 미소를 나한테 띄운 것인걸까.
RADIO,0,,,,마치 알몸이 된 기분이다.
RADIO,0,,,,나의 마음을 누군가가 알아차린 것은.
SET,0,Remove,,,주시현
RADIO,0,,,,이것이 두려워 나는 하람에게 내 마음을 전하지 못하고 있는 것일지도 모르지.
RADIO,0,,,,사람들이 모이고 본격적으로 MT가 시작되었다.
RADIO,0,,,,하람이가 내 옆자리에 앉았지만 뭔가 모두가 같이 있을때는 대화를 나누기가 쉽지 않았다.
RADIO,0,,,,"그렇게 MT가 한창이던 와중, 하람이 내게 말을 건넸다."
SET,0,Member,,idle,유하람
TALK,0,유하람,,idle,잠깐 와볼래?
TALK,0,김남주,,,어 왜?
RADIO,0,,,,하람이는 파티룸에 사람이 없는 쪽으로 나를 데려오고 다시 조용히 내게 말을 했다.
TALK,0,유하람,,,안에만 있으니깐 너무 답답하네. 잠깐 바람좀 쐬러 가고 싶어.
RADIO,0,,,,내게만 말한다는 것은 나와 단둘이 시간을 보내고 싶다는 건가?
RADIO,0,,,,하지만 10명 남직한 MT에서 둘이 어딘가로 가면 분명 사라진 것을 눈치 챌 것이다.
RADIO,0,,,,둘만 어딘가로 사라진 것에 대해 이상하게 생각할 수도 있다.
RADIO,0,,,,.......
RADIO,0,,,,어쩌면 이것은 다시 안 올 기회일지도 모른다는 생각이 든다.
RADIO,0,,,,"이 기회를 놓친다면... 하람의 마음, 그리고 내 마음이 어떠지 서로 확인할 기회는 없을지 모른다는 생각이 들었다."
RADIO,0,,,,사람들이 단 둘이 나간 걸 알아채든 말든 이젠 신경쓸 바가 아니다.
RADIO,0,,,,그래.
RADIO,0,,,,같이 나가자.
TALK,0,김남주,,,"그래, 같이 나가자."
SET,0,BG,,,shinchon_yoru
RADIO,0,,,,그렇게 하람과 나는 일단 파티룸에서 나왔다.
TALK,0,김남주,,,일단 나오긴 나왔는데 밖에도 분위기가 너무 어수선해서 기분전환하기는 별로 안좋은데?
TALK,0,유하람,,smile,그래? 그럼 좀 걸으면서 조용한 곳으로 갈까?
TALK,0,김남주,,,그래 그러자.
RADIO,0,,,,그렇게 나랑 하람은 말도 나누지 않고 한없이 걸음을 계속했다.
RADIO,0,,,,서로 말은 나누지 않았지만 알 수 있었다. 이 분위기와 주변의 공기는 평소와 다르다는 것을.
RADIO,0,,,,그렇게 생각하니 심장이 떨려오기 시작했다.
SET,0,BG,,,Frontdoor_yoru
RADIO,0,,,,걷다보니 어느새 서강대 정문까지 와 있었다.
TALK,0,김남주,,,걷다보니 어느새 여기까지 와버렸네.
TALK,0,유하람,,,그러게. 대충 학교 안 쭉 돌고 다시 돌아가자.
TALK,0,김남주,,,그래
RADIO,0,,,,그렇게 말하고는 우리는 계속 걷기 시작했다.
RADIO,0,,,,그러다가 어느순간 갑자기
RADIO,0,,,,하람이가 내 손을 잡았다.
RADIO,0,,,,나는 당황도 했지만 동시에 심장이 터질 것만 같았다.
RADIO,0,,,,내가 먼저 말을 꺼낼까?
RADIO,0,,,,이제는 정말 말만 할 수 있으면 된다.
RADIO,0,,,,하지만 어째선지 내 목소리가 목 밖으로 튀어나오지 않았다.
SET,0,BG,,,Dasangwan_yoru
RADIO,0,,,,그러다가 어느새 우리는 다산관 앞 벤치까지 와 있었다.
TALK,0,유하람,,,여기서 잠깐 앉아 있다가 돌아갈까?
TALK,0,김남주,,,그래. 그렇게 하자.
RADIO,0,,,,그리고 벤치에 앉자 또다시 침묵이 흘렀다.
RADIO,0,,,,이번 침묵은 아까와는 달리 무언가 어색함이 느껴졌다.
RADIO,0,,,,"공기도, 분위기도 걸을때와는 뭔가 다름을 느낄 수 있었다."
RADIO,0,,,,이 침묵은 내가 먼저 깨기로 마음먹었다.
TALK,0,김남주,,,바람도 선선하니 상쾌하고 좋다.
TALK,0,유하람,,,.......
TALK,0,김남주,,,왜 말이 없어? 어디 몸 안좋아?
TALK,0,유하람,,,.......
RADIO,0,,,,하람이는 말없이 고개를 숙이고 있었다. 그리고 얼마 지나지 않아 조용히 훌쩍이기 시작했다.
TALK,0,김남주,,,야 너 혹시... 지금 우는거야?
TALK,0,유하람,,,......안 울어.
TALK,0,김남주 ,,,그래? 혹시 감기걸린건 아니지?
TALK,0,유하람,,disappointed,그것도 아니거든...... 바보야.
TALK,0,김남주,,,바보라고?
TALK,0,유하람,,,그래 이 바보야. 여기까지 단둘이 왔는데 그동안 왜 아무말도 안하는 거냐구...
TALK,0,김남주,,,아 그건...... 미안해.
TALK,0,유하람,,,너는 나 어떻게 생각해?
TALK,0,김남주,,,뭐라고?
TALK,0,유하람,,cry,너는 나 어떻게 생각하냐구!
TALK,0,김남주,,,......
RADIO,0,,,,오랜 침묵 끝에
TALK,0,김남주,,,좋아해.
TALK,0,김남주,,,......
TALK,0,김남주,,,친구 이상으로
SET,0,Remove,,,유하람
TALK,0,유하람,,,진짜 바보야. 그걸 왜 이제야 말해.
SET,0,Event,,,haram_ending
TALK,0,유하람,,,...... 나도 좋아해.
TALK,0,김남주,,,...진짜?
TALK,0,유하람,,,그래 진짜로 좋아한다고!
TALK,0,유하람,,,"나랑 좋아하는 밴드가 같은 점도, 겉과 속이 같아서 솔직한 점도, 너의 그 조용한 성격도, 그리고 안경은 벗은 얼굴도! 다 좋아한다고..."
TALK,0,김남주,,,안경을 벗은 얼굴을 좋아했구나.
RADIO,0,,,,그러고는 나는 안경을 벗었다.
RADIO,0,,,,그러자 하람이가 눈물을 닦으며 말했다.
TALK,0,유하람,,,진짜 바보 맞다니까 헤헤...
RADIO,0,,,,그래 난 바보다.
RADIO,0,,,,사람의 마음을 잘 알지도 못하는 바보.
RADIO,0,,,,사람들이 내 마음을 알아차리는게 무서운 바보.
RADIO,0,,,,좋아하는 사람에게 좋아한다고 말도 못하는 바보.
TALK,0,김남주,,,그래 난 바보야.
TALK,0,김남주,,,너 밖에...
TALK,0,유하람,,,나 밖에 모르는 바보지?
RADIO,0,,,,우리는 눈을 마주친채로 한없이 웃기 시작했다.
RADIO,0,,,,짧은 침묵이 이어졌다.
RADIO,0,,,,하람이 내게 어깨를 기대면서 속삭였다.
TALK,0,유하람,,,...좋아해.
TALK,0,김남주,,,나도... 좋아해.
RADIO,0,,,,지금 이 순간만큼은 이 세상에 우리 둘만이 남아있는 듯한 기분이 들었다.
RADIO,0,,,,그리고 시간이 멈춘듯한 이 기분
PRODUCTION,,,,여기서 게임종료,
RADIO,0,,,,나는 정말로 이 시간이 영원히 지속되기를 간절히 소망했다.
END,,,,,
SCENE,0,,,,
SET,0,BG,,,Festival
RADIO,0,,,,오늘은 대학교의 백미인 축제날이다.
RADIO,0,,,,"어제 누구와 같이 다닐지 고민했지만, 끝내 정하지 못했다."
RADIO,0,,,,하람이나 유주누나에게 연락해볼까.
RADIO,0,,,,하람에게 연락했지만 내가 연락하기 전에 선약이 잡혔다고 했다...
RADIO,0,,,,유주누나에게도 연락해봤지만 오늘은 롤 티어를 올리기로한 날이라 집에서 나갈 생각이 없다고 했다...
RADIO,0,,,,이러면 나는 이제 뭐하지.
RADIO,0,,,,혼자서는 딱히 할 게 없는데...
PRODUCTION,,,,여기서 게임종료,
RADIO,0,,,,집에나 가야겠다.
END,,,,,